_orig_id	title	lang_detected	lang_meta_detected	lang_content_detected	Semantic_Precision	Content_Richness	Cross_Field_Consistency	Linguistic_Integrity	Coherence_Score	Total_Score	sp_title	sp_desc	sp_keyword_anchoring	cr_depth	cr_diversity	cr_duplication	cf_topics_themes	cf_project_echo	cf_project_echo_raw	li_spell_score	li_misspell_ratio	url_valid	project_url_fixed	doi_valid	empty_fields	notes	category	subcategories	keywords	topics	themes	subtitle_ok	subtitle_overlap_with_title	subtitle_duplicate_title	subtitle_duplicate_description	description_duplicate_title	creators_count	purposes_count	locations_count	license_status	category_ok	subcategories_count	lang_declared	lang_match	title_len_chars	title_len_tokens	title_length_ok	subtitle_len_chars	subtitle_len_tokens	subtitle_length_ok	description_len_chars	description_len_tokens	description_length_ok	content_len_chars	content_len_tokens	content_length_ok	keyword_count	keyword_count_ok	cv_category_ok	cv_license_ok	cv_topics_unknown_count	cv_themes_unknown_count	cv_subcategories_unknown_count	cv_subcat_parent_mismatch_count	cv_languages_unknown_count	cv_locations_unknown_count	cv_intended_purposes_unknown_count
68650ce67807d9bc7a0b3d82	Women Innovators in IrelandRural Fact Sheet #038	en	en	en	21	12	7	20	0	60	8	7	1	4	5	3	0	6	0	8	0.0	True	https://fliara.eu/	True		Subtitle missing; CV inconsistencies: Unknown license: CC BYSA | Unknown intended_purposes: dissemination	Document	"[""Factsheet""]"	"[""social innovation"",""gender equality""]"	"[""Society""]"	"[""Social innovation""]"	False	0.0	False	False	False	1	1	1	ok	True	1	en	True	48	7	True	0	0	True	411	60	True	2262	348	True	2	False	True	False	0	0	0	0	0	0	1
69171bd6c599337520a22085	Autonomous Precision Spraying for Sustainable Berry Farming: Reducing Chemical Inputs with AIDriven Pest Control	en	en	it	14	10	8	20	2	52	8	0	3	0	5	5	0	6	0	8	0.0	True	https://bbionets.eu/	False		Invalid DOI format; Low content depth (<250 tokens)	Document	"[""Practice abstract""]"	"[""autonomous machinery"",""selective spraing"",""PPP reduction"",""pest detection""]"	"[""Crop farming""]"	"[""Agricultural innovation"",""Agricultural practices"",""Climate change mitigation"",""Farm equipment"",""Pest control"",""Plant health""]"	True	0.0	False	False	False	2	1	1	ok	True	1	en	True	112	14	True	51	7	True	277	38	False	18	3	False	4	True	True	True	0	0	0	0	0	0	0
686510f77807d9bc7a0b3dab	Women Innovators in IrelandFarming Fact Sheet #043	en	en	en	14	12	7	20	0	53	8	0	1	4	5	3	0	6	0	8	0.0	True	https://fliara.eu/	True		Subtitle missing; CV inconsistencies: Unknown license: CC BYSA | Unknown intended_purposes: dissemination	Document	"[""Factsheet""]"	"[""sustainable food"",""gender equality"",""rural issues""]"	"[""Society""]"	"[""Social innovation""]"	False	0.0	False	False	False	1	1	1	ok	True	1	en	True	50	7	True	0	0	True	272	38	False	2237	344	True	3	False	True	False	0	0	0	0	0	0	1
66f679eebbc2ce0fcc43d213	OPTIMA DSS for Alternaria detection in carrots	en	en	en	16	13	5	18	2	52	8	0	3	6	5	2	0	3	3	8	0.0	True	https://www.smartprotect-h2020.eu	True		Subtitle missing; CV inconsistencies: Unknown intended_purposes: dissemination, support decisionmaking and strategic planning	Document	"[""Practice abstract""]"	"[""IPM"",""DSS"",""OPTIMA"",""tool"",""meteorological data"",""alternaria leaf blight"",""carrots"",""downy mildew"",""vineyards"",""apple scab"",""prediction"",""disease"",""France"",""Spain"",""Italy"",""Greece""]"	"[""Crop farming""]"	"[""Pest control""]"	False	0.0	False	False	False	1	4	1	ok	True	1	en	True	46	7	True	0	0	True	177	26	False	4315	606	True	16	False	True	True	0	0	0	0	0	0	2
6716b2ef8c91d2f819cc3ba5	WP2 Community of Practice	en	en	en	14	15	2	20	2	51	8	0	1	10	5	0	0	1	5	8	0.0	True	https://cordis.europa.eu/project/id/696367	True		Subtitle missing; CV inconsistencies: Unknown intended_purposes: dissemination	Document	"[""Deliverable report""]"	"[""dairy farm"",""dairy sensor""]"	"[""Livestock""]"	"[""Animal husbandry""]"	False	0.0	False	False	False	9	1	1	ok	True	1	en	True	25	4	True	0	0	True	214	37	False	62113	9207	False	2	False	True	True	0	0	0	0	0	0	1
67d418551274e0227fcdaeec	Integrated management of resources (water and soil) in nuts production	en	en	en	24	13	4	20	2	61	8	10	1	6	5	2	0	3	3	8	0.0	True	https://www.forest4eu.eu/	True		Subtitle missing; CV inconsistencies: Unknown intended_purposes: dissemination	Document	"[""Factsheet""]"	"[""resources use""]"	"[""Forestry""]"	"[""Land management""]"	False	0.0	False	False	False	1	1	1	ok	True	1	en	True	70	10	True	0	0	True	256	45	True	4617	675	True	1	False	True	True	0	0	0	0	0	0	1
6878eb5de4df4f63e71d99e9	LEGUMINOSE factsheet: Using Dynamic Innovation Partnerships to facilitate uptake of intercropping innovations	en	en	en	11	12	7	20	2	50	8	0	1	4	5	3	0	6	0	8	0.0	False		True		Subtitle missing; CV inconsistencies: Unknown intended_purposes: communication, dissemination	Document	"[""Factsheet""]"	"[""intercropping"",""innovation"",""dynamic innovation partnerships"",""value chains"",""stakeholder engagement"",""agrifood systems"",""adoption""]"	"[""Forestry"",""Crop farming"",""Society"",""Economics""]"	"[""Agroecology"",""Biodiversity"",""Crop rotation"",""Diversification"",""Organic agriculture"",""Social innovation""]"	False	0.0	False	False	False	1	2	2	ok	True	1	en	True	109	12	True	0	0	True	216	30	False	1884	263	True	7	True	True	True	0	0	0	0	0	0	2
6704f1a70a8de6e500a4fa96	Decision support systems for pest and disease management in tomato cultivation	en	en	en	21	12	4	20	2	57	8	7	1	4	5	3	0	3	3	8	0.0	True	https://www.smartprotect-h2020.eu	True		Subtitle missing; CV inconsistencies: Unknown locations: united kingdom | Unknown intended_purposes: dissemination, support decisionmaking and strategic planning	Document	"[""Practice abstract""]"	"[""IPM"",""decision support systems"",""DSS"",""monitoring"",""alarm"",""pest"",""disease"",""prediction"",""tomato"",""iMETOS"",""Dacom"",""WiseCrop"",""EVJA"",""FuturCrop""]"	"[""Crop farming""]"	"[""Pest control""]"	False	0.0	False	False	False	2	4	2	ok	True	1	en	True	78	11	True	0	0	True	331	45	True	2978	406	True	14	False	True	True	0	0	0	0	0	1	2
6716b5518c91d2f819cc3c96	Organic Rotational Stocking with White Clover, Forage Selfsufficiency, Short and Local Marketing	en	en	en	14	12	7	19	0	52	8	0	1	4	5	3	0	6	0	8	0.0	True	https://inno4grass.eu/en/	True		Subtitle missing; CV inconsistencies: Unknown intended_purposes: dissemination	Document	"[""Factsheet""]"	"[""grassland"",""animal_feeding"",""dairy_cattle"",""milk_products"",""organic_agriculture""]"	"[""Livestock""]"	"[""Organic agriculture""]"	False	0.0	False	False	False	1	1	1	ok	True	1	en	True	96	12	True	0	0	True	153	22	False	2244	307	True	5	True	True	True	0	0	0	0	0	0	1
67d4172db95b1fb603b471e9	Mechanised resin extraction method	en	en	en	17	13	4	20	0	54	8	3	1	6	5	2	0	3	3	8	0.0	True	https://www.forest4eu.eu/	True		Subtitle missing; CV inconsistencies: Unknown intended_purposes: dissemination	Document	"[""Factsheet""]"	"[""Nonwood forest product"",""Multifunctional forest management"",""resin""]"	"[""Forestry""]"	"[""Biomass production"",""Productivity"",""Farm equipment""]"	False	0.0	False	False	False	1	1	1	ok	True	1	en	True	34	4	True	0	0	True	256	33	False	4145	624	True	3	False	True	True	0	0	0	0	0	0	1
66b1d48045168fd6c4c5658f	To Nfertilize cereallegume intercrops or not	it	it	en	14	13	4	20	6	51	8	0	1	6	5	2	0	3	3	8	0.0	True	https://www.remix-intercrops.eu/	True		Subtitle missing; Language mismatch (declared=en, detected=it); CV inconsistencies: Unknown intended_purposes: communication, dissemination	Document	"[""Practice abstract""]"	"[""Nfertilize cereal legume intercrops intercropping""]"	"[""Crop farming"",""Environment""]"	"[""Agroecology"",""Crop rotation""]"	False	0.0	False	False	False	1	2	1	ok	True	1	en	False	44	6	True	0	0	True	44	6	False	4564	510	True	1	False	True	True	0	0	0	0	0	0	2
67acb0e7b90e38fe8181e9e1	Establishing longterm nitrogen response of global cereals to assess sustainable fertilizer rates.	en	en	en	23	14	7	20	0	64	8	9	1	10	4	0	0	6	0	8	0.0	True	https://nutri-checknet.eu/	True		Subtitle missing; CV inconsistencies: Unknown intended_purposes: communication, dissemination	Document	"[""Journal article""]"	"[""nitrogen response"",""cereals"",""feriliser""]"	"[""Crop farming"",""Environment"",""Society""]"	"[""Fertilization""]"	False	0.0	False	False	False	1	2	1	ok	True	1	en	True	97	12	True	0	0	True	633	86	True	82619	12251	False	3	False	True	True	0	0	0	0	0	0	2
6799fce7a591ef7f1d7585ac	European Dairy Farms : Efficient but Resilient ?	en	en	en	11	13	7	20	0	51	8	0	1	6	5	2	0	6	0	8	0.0	False		True		Subtitle missing; CV inconsistencies: Unknown intended_purposes: communication, dissemination, experimentation	Document	"[""Practice abstract""]"	"[""Dairy farm resilience"",""Efficiency"",""Climatic shocks"",""Economic shocks"",""Regional differences"",""Long term resilience"",""Local production environment"",""Farm economic data""]"	"[""Livestock"",""Environment"",""Economics""]"	"[""Genetic resources"",""Diversification"",""Animal husbandry""]"	False	0.0	False	False	False	1	3	1	ok	True	1	en	True	48	6	True	0	0	True	94	13	False	5483	786	True	8	True	True	True	0	0	0	0	0	0	3
67ade9c7893e5fff4ffc635c	Deformed wing virus (DWV) makes it hard to predict the impact of stress on honey bees	en	en	en	16	10	7	20	2	53	8	2	1	2	5	3	0	6	0	8	0.0	True	http://www.poshbee.eu/	True		Low content depth (<250 tokens); Subtitle missing; CV inconsistencies: Unknown locations: united kingdom | Unknown license: CC BYNC | Unknown intended_purposes: experimentation	Document	"[""Flyer""]"	"[""honey bees"",""pesticides"",""stressors"",""health"",""equilibria""]"	"[""Environment"",""Society""]"	"[""Biodiversity""]"	False	0.0	False	False	False	3	1	1	ok	True	1	en	True	85	16	True	0	0	True	160	22	False	1849	225	True	5	True	True	False	0	0	0	0	0	1	1
6777b555f99a3bf65ed0341f	Practice Abstract del GO PRORURAL para impulsar el desarrollo económico de las zonas rurales, mediante la generación de un mercado responsable para productos forestales innovadores	en	en	en	9	12	5	14	0	40	5	0	1	4	5	3	0	4	2	8	0.0	True	https://eu-cap-network.ec.europa.eu/projects/go-prorural-promote-economic-development-rural-areas-generating-responsible-market_en	False		Invalid DOI format; Subtitle missing; CV inconsistencies: Unknown intended_purposes: communication, dissemination	Document	"[""Practice abstract""]"	"[""public forests"",""environmental footprint"",""production system"",""forestry"",""forest fire"",""certification"",""profitability""]"	"[""Forestry"",""Environment"",""Economics"",""Society""]"	"[""Biodiversity"",""Biomass production"",""Productivity"",""Digital technology"",""Energy management"",""Rural conditions"",""Land management"",""Social innovation"",""Agricultural productivity""]"	False	0.0	False	False	False	1	2	1	ok	True	1	en	True	180	25	False	0	0	True	210	31	False	2503	328	True	7	True	True	True	0	0	0	0	0	0	2
660d1ad197edc795f6627b45	Basic hygiene measures against avian influenza infections in Hungary	en	en	en	14	10	4	14	2	42	8	0	1	2	5	3	0	3	3	8	0.0	True	https://www.netpoulsafe.eu/search-result/?_fc_languages=english&_type_of_document=factsheet	True		Low content depth (<250 tokens); Subtitle missing; intended_purposes missing; CV inconsistencies: intended_purposes missing (cardinality)	Document	"[""Factsheet""]"	"[""avian infleunza"",""biosecurity""]"	"[""Livestock""]"	"[""Pest control""]"	False	0.0	False	False	False	3	0	2	ok	True	1	en	True	68	9	True	0	0	True	119	16	False	1718	236	True	2	False	True	True	0	0	0	0	0	0	0
68aefb40a408fb38e046d377	MojGozdar portal: A Due Diligence and Traceability System for Forest Wood Trade in Slovenia	en	en	en	17	16	7	20	4	60	8	3	1	10	5	1	0	6	0	8	0.0	True	https://www.forest4eu.eu/	True		Subtitle missing; CV inconsistencies: Unknown intended_purposes: dissemination	Document	"[""Technical/technology article""]"	"[""Due Diligence"",""Traceability"",""Forest Wood Trade"",""Slovenia"",""EU Timber Regulation""]"	"[""Economics"",""Forestry""]"	"[""Agricultural productivity"",""Digital technology""]"	False	0.0	False	False	False	1	1	1	ok	True	1	en	True	91	13	True	0	0	True	227	33	False	14206	2083	True	5	True	True	True	0	0	0	0	0	0	1
6879e3537515ec9f32050c8d	Enhancing Local Wine Production Through Indigenous Yeast Strains Collection	en	en	en	22	12	1	20	2	55	8	10	1	4	5	3	0	0	6	8	0.0	True	https://eu-cap-network.ec.europa.eu/projects/productivity-and-sustainability-vitiviniculture_en	False		Invalid DOI format; Subtitle missing; CV inconsistencies: Unknown intended_purposes: dissemination, evaluation, experimentation, modelling	Document	"[""Practice abstract""]"	"[""Winemaking strains"",""Indigenous strains"",""Oenological vocation"",""Yeast collection"",""Wine production"",""Local production"",""Starter cultures"",""Commercial yeasts"",""Winegrowing areas"",""Territoryspecific products""]"	"[""Forestry""]"	"[""Agricultural productivity"",""Agroecology"",""Biodiversity"",""Diversification"",""Biomass production""]"	False	0.0	False	False	False	1	4	1	ok	True	1	en	True	75	9	True	0	0	True	892	129	True	1895	278	True	10	True	True	True	0	0	0	0	0	0	4
6735feae1b60fde7c126b5eb	Guidelines for predictive differential irrigation scheduling and water application	en	en	en	21	17	4	20	0	62	8	7	1	10	5	2	0	3	3	8	0.0	True	https://fatima-h2020.eu/	True		Subtitle missing; CV inconsistencies: Unknown intended_purposes: dissemination, support decisionmaking and strategic planning	Document	"[""Review document"",""Report/paper"",""Guide""]"	"[""webGIS"",""user requirements"",""conceptual design"",""co-‐creation""]"	"[""Crop farming"",""Environment""]"	"[""Agroecology"",""Climate"",""Crop rotation"",""Fertilization"",""Crop production""]"	False	0.0	False	False	False	1	2	1	ok	True	3	en	True	82	9	True	0	0	True	437	64	True	13824	1652	True	4	True	True	True	0	0	0	0	0	0	2
6879e44f7515ec9f32050ca4	Certification 1 The OG PROINOS carried out the measurement of the environmental footprint and socioeconomic indicators of the territory at the pilot companies…	en	en	en	16	12	1	19	4	48	5	7	1	4	5	3	0	0	6	8	0.0	True	https://eu-cap-network.ec.europa.eu/projects/proinosgrow-sustainability-towards-territorial-protocol_en	False		Invalid DOI format; Subtitle missing; CV inconsistencies: Unknown intended_purposes: dissemination, evaluation, support decisionmaking and strategic planning	Document	"[""Practice abstract""]"	"[""Environmental footprint measurement"",""Socioeconomic indicators"",""VIVA certification"",""SQNPI certification"",""Vineyard Indicator"",""Sustainable agriculture"",""Biodiversity and Landscape"",""Circular economy"",""Organic farming"",""Water protection""]"	"[""Environment""]"	"[""Land management"",""Soil management"",""Biodiversity"",""Rural conditions"",""Training""]"	False	0.0	False	False	False	1	4	1	ok	True	1	en	True	159	22	False	0	0	True	1337	177	False	2410	343	True	10	True	True	True	0	0	0	0	0	0	3
66f57bd2a49df370f40d9abf	Application techniques in innovative IPM systems	en	en	en	24	13	4	18	2	59	8	10	1	6	5	2	0	3	3	8	0.0	True	https://www.smartprotect-h2020.eu	True		Subtitle missing; CV inconsistencies: Unknown intended_purposes: dissemination	Document	"[""Practice abstract""]"	"[""IPM"",""monitoring"",""detection"",""innovative technologies"",""tools"",""digitalization""]"	"[""Crop farming""]"	"[""Pest control""]"	False	0.0	False	False	False	1	2	1	ok	True	1	en	True	48	6	True	0	0	True	308	44	True	4103	540	True	6	True	True	True	0	0	0	0	0	0	1
677a9c13b191c0a36e0404cf	FAIRShare: Interactive Strategic Management Workshops in Agriculture	en	en	en	21	10	4	20	2	55	8	7	1	2	5	3	0	3	3	8	0.0	True	https://www.h2020fairshare.eu/	True		Low content depth (<250 tokens); Subtitle missing; CV inconsistencies: Unknown intended_purposes: dissemination, support decisionmaking and strategic planning	Document	"[""Practice abstract""]"	"[""Digital Advisory Tools"",""Farmer Engagement"",""Strategic Planning"",""DATS"",""Strategic Management Tool"",""SMT"",""digitalisation"",""AKIS"",""advisors""]"	"[""Crop farming"",""Society"",""Economics"",""Forestry"",""Livestock""]"	"[""Training"",""Social innovation"",""Rural conditions"",""Productivity"",""Digital technology"",""Agricultural productivity""]"	False	0.0	False	False	False	1	2	1	ok	True	1	en	True	68	7	True	0	0	True	348	47	True	1498	204	True	9	True	True	True	0	0	0	0	0	0	2
668bfe82ff7b4c933a11dc98	Factsheet DSS Saddle gall midge in cereals	en	en	en	23	12	4	20	4	59	8	9	1	4	5	3	0	3	3	8	0.0	True	https://www.platform.ipmdecisions.net/	True		Subtitle missing; CV inconsistencies: Unknown locations: united kingdom | Unknown intended_purposes: support decisionmaking and strategic planning	Document	"[""Factsheet"",""Practice abstract""]"	"[""factsheet"",""sadle gall midge"",""DSS"",""decision support system"",""IPM Decisions"",""cereals""]"	"[""Crop farming""]"	"[""Pest control"",""Crop production""]"	False	0.0	False	False	False	1	1	2	ok	True	2	en	True	42	7	True	0	0	True	1630	258	False	2312	362	True	6	True	True	True	0	0	0	0	0	1	1
679b5b92a591ef7f1d76d08f	The RUMIGEN Project : Gene Editing in European Ruminant Production	en	en	en	14	13	4	19	0	50	8	0	1	6	5	2	0	3	3	8	0.0	True	https://rumigen.eu/	True		Subtitle missing; CV inconsistencies: Unknown intended_purposes: communication, dissemination, experimentation	Document	"[""Practice abstract""]"	"[""Gene Editing"",""Ruminant Farming"",""EU Policy"",""Animal Health"",""Biodiversity""]"	"[""Livestock"",""Environment"",""Society"",""Economics""]"	"[""Genetic resources"",""Social innovation""]"	False	0.0	False	False	False	1	3	1	ok	True	1	en	True	66	9	True	0	0	True	134	18	False	5463	780	True	5	True	True	True	0	0	0	0	0	0	3
683747cc30ea0addf057d99e	Hemp4Soil Project Report	en	en	en	18	13	1	20	0	52	5	12	1	10	3	0	0	0	6	8	0.0	False		False		Subtitle missing; CV inconsistencies: Unknown intended_purposes: communication, dissemination	Document	"[""Deliverable report""]"	"[""soil health, biodiversity, biochar, regenerative agriculture, hemp""]"	"[""Environment""]"	"[""Biodiversity""]"	False	0.0	False	False	False	1	2	1	ok	True	1	en	True	24	3	False	0	0	True	1604	216	False	114722	16588	False	1	False	True	True	0	0	0	0	0	0	2
67a4baf9105c91a57da01d93	Global vineyard strategy to prevent grapevine trunk diseases	en	en	en	14	16	7	20	2	57	8	0	1	10	5	1	0	6	0	8	0.0	True	http://www.winetwork-data.eu/	True		Subtitle missing; CV inconsistencies: Unknown intended_purposes: communication, dissemination	Document	"[""Technical/technology article""]"	"[""Vineyard management"",""Planting practices"",""Rootstocks"",""Soil preparation"",""grapevine trunk diseases""]"	"[""Crop farming"",""Environment""]"	"[""Pest control"",""Crop production""]"	False	0.0	False	False	False	1	2	1	ok	True	1	en	True	60	8	True	0	0	True	111	16	False	32395	4723	False	5	True	True	True	0	0	0	0	0	0	2
6777ac14b191c0a36e0220b6	Practice Abstract del GO SOSTVAN, estrategias tecnológicas para la mejora de la sostenibilidad del sector ganadero de vacas nodrizas	en	en	en	9	12	7	12	0	40	5	0	1	4	5	3	0	6	0	8	0.0	True	https://eu-cap-network.ec.europa.eu/projects/operative-group-sostvan-technological-strategies-economic-sustainability-extensive-cow_en	False		Invalid DOI format; Subtitle missing; CV inconsistencies: Unknown intended_purposes: communication, dissemination	Document	"[""Practice abstract""]"	"[""extensive beef livestock"",""cattle production"",""young farmers""]"	"[""Livestock"",""Environment"",""Society"",""Economics""]"	"[""Animal husbandry"",""Food quality"",""Pest control"",""Productivity"",""Digital technology"",""Energy management"",""Climate"",""Rural conditions"",""Social innovation""]"	False	0.0	False	False	False	1	2	1	ok	True	1	en	True	132	19	False	0	0	True	149	22	False	2180	278	True	3	False	True	True	0	0	0	0	0	0	2
67360c261b60fde7c126cab5	Traditional tomato varieties and cultural practices: a case for agricultural diversification with impact on food security and health of European population	en	en	it	24	10	7	20	0	61	5	13	1	0	5	5	0	6	0	8	0.0	True	https://traditom.eu/	True		Low content depth (<250 tokens); Subtitle missing; CV inconsistencies: Unknown intended_purposes: communication, dissemination	Document	"[""Report/paper"",""Deliverable report""]"	"[""Disease resistance"",""hybrid"",""traditional""]"	"[""Crop farming"",""Environment""]"	"[""Climate"",""Genetic resources"",""Organic agriculture"",""Crop production""]"	False	0.0	False	False	False	1	2	1	ok	True	2	en	True	155	20	False	0	0	True	597	87	True	18	3	False	3	False	True	True	0	0	0	0	0	0	2
6842aa736b2cf04eb47fb717	Use of Innovative Biogas Production Technologies and Biomethane in Agriculture	en	en	en	12	11	1	20	4	44	8	0	1	4	5	2	0	0	6	8	0.0	True	https://eu-cap-network.ec.europa.eu/projects/use-innovative-biogas-production-technologies-and-biomethane-agriculture_en	False		Invalid DOI format; Subtitle missing; CV inconsistencies: Unknown intended_purposes: communication, dissemination	Document	"[""Practice abstract""]"	"[""Biogas"",""Biomethane"",""Agricultural Raw Materials"",""Anaerobic Processing"",""Innovative Technologies""]"	"[""Forestry"",""Crop farming"",""Livestock"",""Environment""]"	"[""Climate""]"	False	0.0	False	False	False	1	2	1	ok	True	1	en	True	78	10	True	0	0	True	129	17	False	2356	320	True	5	True	True	True	0	0	0	0	0	0	2
68668842326aff52bc9a2dc0	Women Innovators in GermanyFarming Fact Sheet #026	en	en	en	21	12	7	20	0	60	8	7	1	4	5	3	0	6	0	8	0.0	True	https://fliara.eu/	True		Subtitle missing; CV inconsistencies: Unknown license: CC BYSA | Unknown intended_purposes: dissemination	Document	"[""Factsheet""]"	"[""organic farming"",""gender equality""]"	"[""Society""]"	"[""Agroecology"",""Social innovation""]"	False	0.0	False	False	False	1	1	1	ok	True	1	en	True	50	7	True	0	0	True	303	42	True	2058	298	True	2	False	True	False	0	0	0	0	0	0	1
6716af25aac3c7a5580d80ef	Grazing System, Complex Forage Mixture and Conserved Forage for Dairy Goats	en	en	en	17	12	7	19	2	55	8	3	1	4	5	3	0	6	0	8	0.0	True	https://inno4grass.eu/en/	True		Subtitle missing; CV inconsistencies: Unknown intended_purposes: dissemination	Document	"[""Factsheet""]"	"[""grassland"",""grassland_management"",""animal_health_and_welfare"",""environment""]"	"[""Livestock""]"	"[""Animal husbandry""]"	False	0.0	False	False	False	1	1	1	ok	True	1	en	True	75	11	True	0	0	True	202	30	False	2327	335	True	4	True	True	True	0	0	0	0	0	0	1
6900bfb0a0f1d577492566c3	Landbased Wildfire Prevention: Principles and Experiences on Managing Landscapes, Forests and Woodlands for Safety and Resilience in Europe	en	en	it	18	10	5	20	2	53	8	7	3	0	5	5	0	3	3	8	0.0	False		False		Invalid DOI format; Low content depth (<250 tokens)	Document	"[""Report/paper""]"	"[""wildfire prevention, forest management, climate change, fuel load, prescribed burning, EU policy, resilience, fire risk, landscape planning, public awareness""]"	"[""Forestry""]"	"[""Risk management""]"	True	0.3	False	False	False	1	1	1	ok	True	1	en	True	139	18	True	84	10	True	375	52	True	18	3	False	1	False	True	True	0	0	0	0	0	0	0
6870fa8df7e0c8e6439f1be7	Lowemission beef cattle breeding starts with working in the countryside! The farmer/breeder who is interested in improving the sustainability (environmental,…	en	en	en	21	12	6	20	2	59	5	10	3	4	5	3	0	4	2	8	0.0	True	https://eu-cap-network.ec.europa.eu/projects/lowemeatdevelopment-low-greenhouse-gas-emissions-system-beef-cattle-farms-located-veneto_en	False		Invalid DOI format; Subtitle missing; CV inconsistencies: Unknown intended_purposes: experimentation, modelling	Document	"[""Practice abstract""]"	"[""Lowemission beef cattle breeding"",""Sustainability in farming"",""Agronomic choices"",""Nitrogen Use Efficiency"",""Production efficiency"",""Organic fertilizer"",""Environmental sustainability"",""European Union incentives"",""Farm production process"",""Nutrient potential of soil""]"	"[""Livestock""]"	"[""Diversification"",""Farm equipment"",""Rural conditions"",""Energy management"",""Animal husbandry""]"	False	0.0	False	False	False	1	4	1	ok	True	1	en	True	158	20	False	0	0	True	855	116	True	2203	324	True	10	True	True	True	0	0	0	0	0	0	2
67d41849b95b1fb603b47206	Interterritorial Association of Wild Mushroom Harvesting Professionals	en	en	en	14	11	4	20	0	49	8	0	1	4	5	2	0	3	3	8	0.0	True	https://www.forest4eu.eu/	True		Subtitle missing; CV inconsistencies: Unknown intended_purposes: dissemination	Document	"[""Factsheet""]"	"[""organisational innovation"",""Cooperation"",""business model"",""Supply chain"",""market and consumption""]"	"[""Forestry""]"	"[""Digital technology"",""Diversification""]"	False	0.0	False	False	False	1	1	1	ok	True	1	en	True	70	7	True	0	0	True	280	32	False	3362	479	True	5	True	True	True	0	0	0	0	0	0	1
6870f24ef7e0c8e6439f1b37	Impact of Farm Management on Antibiotic Use in Charolais Cattle	en	en	en	19	12	1	20	2	52	8	7	1	4	5	3	0	0	6	8	0.0	True	https://eu-cap-network.ec.europa.eu/projects/antibioticfreebeef-strategies-elimination-use-antibiotics-beef-industry_en	False		Invalid DOI format; Subtitle missing; CV inconsistencies: Unknown intended_purposes: evaluation, experimentation, modelling, support decisionmaking and strategic planning	Document	"[""Practice abstract""]"	"[""Antibiotic use"",""Farm management"",""Disease occurrence"",""Respiratory diseases"",""Treatment index"",""Gender differences"",""Animal welfare"",""Antibiotic management practices"",""Sustainable production"",""European policy""]"	"[""Livestock""]"	"[""Animal husbandry"",""Diversification"",""Food quality"",""Pest control"",""Residues""]"	False	0.0	False	False	False	1	5	1	ok	True	1	en	True	63	10	True	0	0	True	1096	147	True	1842	256	True	10	True	True	True	0	0	0	0	0	0	4
68664f2d7807d9bc7a0b43ce	Women Innovators in RomaniaRural Fact Sheet #055	en	en	en	14	12	7	20	0	53	8	0	1	4	5	3	0	6	0	8	0.0	True	https://fliara.eu/	True		Subtitle missing; CV inconsistencies: Unknown license: CC BYSA | Unknown intended_purposes: dissemination	Document	"[""Factsheet""]"	"[""gender equality"",""community cohesion""]"	"[""Society""]"	"[""Social innovation"",""Rural conditions""]"	False	0.0	False	False	False	1	1	1	ok	True	1	en	True	48	7	True	0	0	True	283	38	False	2362	354	True	2	False	True	False	0	0	0	0	0	0	1
66cdc28d04d857e0e65d5795	MOVING ProjectBuilding a shared understanding of Mountain Value Chains	en	en	en	24	12	4	20	0	60	8	10	1	4	5	3	0	3	3	8	0.0	True	https://www.moving-h2020.eu/	True		Subtitle missing; CV inconsistencies: Unknown intended_purposes: communication, dissemination	Document	"[""Practice abstract""]"	"[""Mountains"",""Community of practice"",""Cocreation"",""Knowledge"",""Value chains""]"	"[""Environment"",""Economics"",""Society""]"	"[""Training""]"	False	0.0	False	False	False	1	2	1	ok	True	1	en	True	70	8	True	0	0	True	551	79	True	2263	341	True	5	True	True	True	0	0	0	0	0	0	2
67d418511274e0227fcdaee9	Exchange between chestnut growers	en	en	en	17	12	4	20	0	53	8	3	1	4	5	3	0	3	3	8	0.0	True	https://www.forest4eu.eu/	True		Subtitle missing; CV inconsistencies: Unknown intended_purposes: dissemination	Document	"[""Factsheet""]"	"[""Nonwood forest products"",""pest/disease control"",""multifunctional forest management"",""collaboration""]"	"[""Forestry""]"	"[""Biodiversity"",""Pest control"",""Agroecology""]"	False	0.0	False	False	False	3	1	1	ok	True	1	en	True	33	4	True	0	0	True	246	34	False	2842	385	True	4	True	True	True	0	0	0	0	0	0	1
6879e6eba8eeff436742b961	Conclusions 3 With the SmartAP project, it was also shown that system optimization for vertical farming can increase production by 42% compared to a mixed…	en	en	en	21	12	1	20	2	54	5	12	1	4	5	3	0	0	6	8	0.0	True	https://eu-cap-network.ec.europa.eu/projects/smartapaquaponic-smart-small-and-medium-farm-model-economic-improvement-environmental_en	False		Invalid DOI format; Subtitle missing; CV inconsistencies: Unknown intended_purposes: evaluation, experimentation, modelling	Document	"[""Practice abstract""]"	"[""SmartAP project"",""Vertical farming"",""System optimization"",""Production increase"",""Breakeven price"",""Sales strategies"",""Business plan"",""Market analysis"",""Supply chain"",""Aquaponics""]"	"[""Crop farming""]"	"[""Diversification"",""Training"",""Farm equipment"",""Crop rotation"",""Organic agriculture""]"	False	0.0	False	False	False	1	4	1	ok	True	1	en	True	155	23	False	0	0	True	1020	132	True	2218	316	True	10	True	True	True	0	0	0	0	0	0	3
6842a933ad0aaa69190c0803	Biomodified Colostrum for Healthier Dairy Herds: Reducing Antimicrobial Use and Disease Outbreaks in Lithuanian Cattle Farms	en	en	en	15	12	1	18	4	46	8	3	1	4	5	3	0	0	6	8	0.0	True	https://eu-cap-network.ec.europa.eu/projects/integration-biotechnological-solutions-dairy-farms-improve-quality-cattle-colostrum-and_en	False		Invalid DOI format; Subtitle missing; CV inconsistencies: Unknown intended_purposes: communication, dissemination	Document	"[""Practice abstract""]"	"[""Biotechnological solutions"",""Dairy farms"",""Cattle colostrum"",""Antimicrobial use"",""Disease outbreaks""]"	"[""Livestock"",""Environment"",""Economics""]"	"[""Animal husbandry""]"	False	0.0	False	False	False	1	2	1	ok	True	1	en	True	124	16	True	0	0	True	210	26	False	2137	285	True	5	True	True	True	0	0	0	0	0	0	2
6707df5bfd7af7b36f8ef497	The European Night of Researchers, Women and men who do science for you	en	en	en	11	12	4	18	0	45	5	0	1	4	5	3	0	3	3	8	0.0	True	https://www.smartprotect-h2020.eu	True		Subtitle missing; CV inconsistencies: Unknown intended_purposes: dissemination	Document	"[""Practice abstract""]"	"[""IPM"",""event""]"	"[""Crop farming""]"	"[""Pest control""]"	False	0.0	False	False	False	2	1	2	ok	True	1	en	True	71	13	True	0	0	True	184	26	False	2954	410	True	2	False	True	True	0	0	0	0	0	0	1
66b079818bfbbeb036c8a588	Practice Abstract: BIGH Brussels Aquaponic Farm	en	en	en	20	13	4	20	0	57	8	6	1	6	5	2	0	3	3	8	0.0	True	https://cocoreado.eu/	True		Subtitle missing; CV inconsistencies: Unknown license: CC BYSA | Unknown intended_purposes: dissemination	Document	"[""Practice abstract""]"	"[""circular economy"",""food supply chain"",""energy management"",""energy efficiency"",""waste management""]"	"[""Economics""]"	"[""Food quality"",""Residues"",""Energy management""]"	False	0.0	False	False	False	1	1	1	ok	True	1	en	True	47	6	True	0	0	True	234	37	False	4872	643	True	5	True	True	False	0	0	0	0	0	0	1
67373620ae34392dd1825d2a	Novel biocontrol agents for insect pests from neuroendocrinology	en	en	en	26	15	5	20	2	66	8	12	1	8	5	2	0	4	2	8	0.0	True	https://neurostresspep.eu/	True		Subtitle missing; CV inconsistencies: Unknown intended_purposes: dissemination	Document	"[""Report/paper"",""Deliverable report""]"	"[""insects"",""DNA"",""diseases""]"	"[""Livestock""]"	"[""Genetic resources"",""Pest control""]"	False	0.0	False	False	False	1	1	1	ok	True	2	en	True	64	8	True	0	0	True	626	97	True	7511	917	True	3	False	True	True	0	0	0	0	0	0	1
660d037b557d591377fe3b05	Training for poultry workers during coaching	en	en	en	14	12	4	17	0	47	8	0	1	4	5	3	0	3	3	8	0.0	True	https://www.netpoulsafe.eu/search-result/?_fc_languages=english&_type_of_document=factsheet	True		Subtitle missing; CV inconsistencies: Unknown intended_purposes: dissemination	Document	"[""Factsheet""]"	"[""coaching"",""training"",""workshop"",""biosecurity""]"	"[""Livestock""]"	"[""Pest control"",""Training"",""Social innovation""]"	False	0.0	False	False	False	2	1	2	ok	True	1	en	True	44	6	True	0	0	True	163	23	False	2757	331	True	4	True	True	True	0	0	0	0	0	0	1
6878a71ee4df4f63e71d9854	AGROSUS Soil and Weed Sampling Kit	en	en	en	22	15	4	20	2	61	8	10	1	8	5	2	0	3	3	8	0.0	True	https://agrosus.eu/	False		Invalid DOI format; Subtitle missing; CV inconsistencies: Unknown license: CC BYNCSA | Unknown intended_purposes: dissemination	Document	"[""Technical information/specifications card"",""Flyer""]"	"[""AGROSUS"",""Agroecological strategies"",""Agroecology"",""Sustainable agriculture"",""Weed management""]"	"[""Environment"",""Forestry"",""Crop farming""]"	"[""Agroecology"",""Biodiversity"",""Climate"",""Organic agriculture""]"	False	0.0	False	False	False	1	1	1	ok	True	2	en	True	34	6	True	0	0	True	366	53	True	5149	825	True	5	True	True	False	0	0	0	0	0	0	1
687a31f02eb8b7cc4584849b	Dehydrated Traditional Romanian Ecological Apple Products: Market Promotion and Feedback Collection	en	en	en	19	10	1	19	2	49	8	10	1	2	5	3	0	0	6	8	0.0	False		False		Invalid DOI format; Low content depth (<250 tokens); Subtitle missing; CV inconsistencies: Unknown intended_purposes: evaluation, experimentation, support decisionmaking and strategic planning	Document	"[""Practice abstract""]"	"[""Dehydrated apples"",""Traditional Romanian apples"",""Ecological apples"",""Product tastings"",""High added value products"",""Market identification"",""Consumer feedback"",""Packaging model"",""Nutritional information"",""Questionnaire feedback""]"	"[""Crop farming""]"	"[""Agroecology"",""Food quality"",""Biodiversity"",""Residues"",""Organic agriculture""]"	False	0.0	False	False	False	1	3	1	ok	True	1	en	True	99	11	True	0	0	True	787	113	True	1627	222	True	10	True	True	True	0	0	0	0	0	0	3
6870f8a6df79b57710cff50f	Divulgation and territorial promotion The project results will be disseminated and become public through multiple actions at local and national level …	en	en	en	23	12	2	19	4	56	5	12	3	4	5	3	0	0	6	8	0.0	True	https://eu-cap-network.ec.europa.eu/projects/innovation-and-transfer-olive-oil-sector-sustainability-and-quality-processes-and-products_en	False		Invalid DOI format; Subtitle missing; CV inconsistencies: Unknown intended_purposes: dissemination, modelling, support decisionmaking and strategic planning	Document	"[""Practice abstract""]"	"[""Territorial promotion"",""Dissemination strategies"",""Social media promotion"",""Stakeholder involvement"",""Project website"",""Knowledge transfer"",""Demonstration workshops"",""Crop innovations"",""Communication actions"",""Young users engagement""]"	"[""Society""]"	"[""Training"",""Social innovation"",""Land management"",""Biodiversity""]"	False	0.0	False	False	False	1	4	1	ok	True	1	en	True	151	21	False	0	0	True	795	103	True	2189	315	True	10	True	True	True	0	0	0	0	0	0	3
686503f8326aff52bc9a23ff	Women Innovators in IrelandRural Fact Sheet #032	en	en	en	21	10	7	20	0	58	8	7	1	2	5	3	0	6	0	8	0.0	True	https://fliara.eu/	True		Low content depth (<250 tokens); Subtitle missing; CV inconsistencies: Unknown license: CC BYSA | Unknown intended_purposes: dissemination	Document	"[""Factsheet""]"	"[""sustainability"",""gender equality"",""local food""]"	"[""Environment"",""Society""]"	"[""Organic agriculture"",""Social innovation"",""Food quality""]"	False	0.0	False	False	False	1	1	1	ok	True	1	en	True	48	7	True	0	0	True	322	46	True	1749	248	True	3	False	True	False	0	0	0	0	0	0	1
6788f265a1dc5a01e3c888a3	FAIRshare: Tuscany Living Lab for wider adoption of DATS.	en	en	en	22	10	5	15	2	52	8	6	3	2	5	3	0	3	3	8	0.0	True	https://www.h2020fairshare.eu/	True		Low content depth (<250 tokens); Subtitle missing; CV inconsistencies: Unknown intended_purposes: experimentation, support decisionmaking and strategic planning	Document	"[""Practice abstract""]"	"[""Digital Advisory Tools"",""Farmer Engagement"",""Webapp Development"",""Olive Growing"",""DATS"",""advisors"",""living lab"",""olive"",""AKIS"",""digitalisation"",""Decision Support System""]"	"[""Crop farming"",""Environment"",""Economics""]"	"[""Agroecology"",""Training"",""Agricultural productivity"",""Productivity"",""Digital technology"",""Crop production""]"	False	0.0	False	False	False	1	3	1	ok	True	1	en	True	57	9	True	0	0	True	200	28	False	1298	194	True	11	True	True	True	0	0	0	0	0	0	2
6737339eae34392dd1825b0d	Genomic filtering of neuropeptide sequences	en	en	en	21	13	4	18	2	56	8	7	1	6	5	2	0	3	3	8	0.0	True	https://neurostresspep.eu/	True		Subtitle missing; CV inconsistencies: Unknown intended_purposes: dissemination	Document	"[""Report/paper""]"	"[""insects"",""DNA"",""diseases""]"	"[""Livestock""]"	"[""Pest control"",""Genetic resources""]"	False	0.0	False	False	False	1	1	1	ok	True	1	en	True	43	5	True	0	0	True	511	75	True	5780	783	True	3	False	True	True	0	0	0	0	0	0	1
686efed4daff72a6956369dc	Enhancing Soil Water Retention with SuperAbsorbents for Sustainable Agriculture	en	en	en	25	12	1	20	2	58	8	13	1	4	5	3	0	0	6	8	0.0	True	https://eu-cap-network.ec.europa.eu/projects/implementing-innovative-production-technologies-closed-hydrological-systems-which_en	False		Invalid DOI format; Subtitle missing; CV inconsistencies: Unknown intended_purposes: dissemination, experimentation, modelling	Document	"[""Practice abstract""]"	"[""Superabsorbents"",""Soil water retention"",""Dosing technologies"",""Irrigation efficiency"",""Production costs"",""Nutrient binding"",""Ecological cultivation"",""Soil improvement"",""Specialized production"",""Functional food""]"	"[""Crop farming""]"	"[""Soil management"",""Agroecology"",""Fertilization"",""Organic agriculture"",""Crop rotation""]"	False	0.0	False	False	False	1	3	1	ok	True	1	en	True	79	9	True	0	0	True	1009	142	True	2325	337	True	10	True	True	True	0	0	0	0	0	0	3
6716ad278c91d2f819cc3967	Camera Controlled Mechanical Intrarowweed Regulation	en	en	en	24	12	4	20	0	60	8	10	1	4	5	3	0	3	3	8	0.0	True	https://www.smart-akis.com/	True		Subtitle missing; CV inconsistencies: Unknown intended_purposes: dissemination	Document	"[""Factsheet""]"	"[""mechanical weed control"",""image processing"",""intrarow"",""sugar beet""]"	"[""Crop farming""]"	"[""Crop production"",""Farm equipment""]"	False	0.0	False	False	False	1	1	1	ok	True	1	en	True	52	5	True	0	0	True	385	61	True	2972	437	True	4	True	True	True	0	0	0	0	0	0	1
673dbb9dbe4b4e29766e6b53	AKIS analytical tools	en	en	en	21	13	1	18	0	53	5	10	1	10	3	0	0	0	6	8	0.0	True	https://i2connect-h2020.eu/it/	True		Subtitle missing; CV inconsistencies: Unknown intended_purposes: support decisionmaking and strategic planning	Document	"[""Guide""]"	"[""AKIS"",""advisory services"",""AKIS actors"",""AKIS flows"",""AKIS assessment"",""interactions among AKIS actors""]"	"[""Economics""]"	"[""Training""]"	False	0.0	False	False	False	3	1	1	ok	True	1	en	True	21	3	False	0	0	True	738	97	True	98145	13314	False	6	True	True	True	0	0	0	0	0	0	1
6879e456a8eeff436742b92a	Irrigation 1 With the application of ecological outflow and the effects of climate change, the Consortium implements activities to improve the resilience of…	en	en	en	23	12	2	17	4	54	5	12	3	4	5	3	0	0	6	8	0.0	True	https://eu-cap-network.ec.europa.eu/projects/proinosgrow-sustainability-towards-territorial-protocol_en	False		Invalid DOI format; Subtitle missing; CV inconsistencies: Unknown intended_purposes: dissemination, modelling, support decisionmaking and strategic planning	Document	"[""Practice abstract""]"	"[""Irrigation infrastructure system"",""Ecological outflow"",""Climate change effects"",""Water resource management"",""River water quality"",""Water abstraction reduction"",""Emergency plan"",""Sustainable water management"",""Rural development program"",""Ecological resilience""]"	"[""Environment""]"	"[""Soil management"",""Land management"",""Biodiversity"",""Agroecology"",""Rural conditions""]"	False	0.0	False	False	False	1	4	1	ok	True	1	en	True	157	22	False	0	0	True	1027	138	True	2356	339	True	10	True	True	True	0	0	0	0	0	0	3
668676ee57ddecb50d8b7f10	Policy Brief n° 2: Empowering young citizens involvement in transition towards sustainable food systems	en	en	en	14	15	4	19	2	52	8	0	1	8	5	2	0	3	3	8	0.0	True	https://cocoreado.eu/	True		Subtitle missing; locations_flat missing or >5 items; CV inconsistencies: Unknown license: CC BYNCSA | Unknown intended_purposes: communication, dissemination, support decisionmaking and strategic planning	Document	"[""Policy brief""]"	"[""farmer"",""youth"",""food system"",""sustainability"",""consumer"",""short food supply chain""]"	"[""Crop farming"",""Environment"",""Economics"",""Society""]"	"[""Training"",""Productivity""]"	False	0.0	False	False	False	3	3	7	ok	True	1	en	True	103	13	True	0	0	True	271	38	False	8187	1199	True	6	True	True	False	0	0	0	0	0	0	3
668bd88d91c8036b7bd2c9b1	Starting to evaluate the business ideasSWOT	en	en	en	24	16	4	19	0	63	8	10	1	10	5	1	0	3	3	8	0.0	True	https://cocoreado.eu/	True		Subtitle missing; locations_flat missing or >5 items; CV inconsistencies: Unknown license: CC BYSA | Unknown intended_purposes: communication, dissemination, evaluation, support decisionmaking and strategic planning	Document	"[""Handbook"",""Tutorial"",""Guide"",""Manual""]"	"[""farmer"",""sustainability"",""short food supply chain"",""youth"",""food system"",""consumer"",""SWOT"",""framework"",""business idea"",""entrepreneurship"",""replicability""]"	"[""Crop farming"",""Environment"",""Economics"",""Society""]"	"[""Training"",""Agricultural productivity"",""Productivity"",""Rural conditions""]"	False	0.0	False	False	False	3	4	8	ok	True	4	en	True	43	6	True	0	0	True	384	55	True	31304	4530	False	11	True	True	False	0	0	0	0	0	0	4
673f5b1f026829d6bab4de76	Treating lameness in dairy cows without antibiotics	en	en	en	23	13	7	20	2	63	8	9	1	6	5	2	0	6	0	8	0.0	True	https://ahdb.org.uk/eurodairy	True		Subtitle missing; CV inconsistencies: Unknown intended_purposes: communication, dissemination, support decisionmaking and strategic planning	Document	"[""Technical information/specifications card"",""Guide""]"	"[""dairy cows"",""antibiotics"",""diagnosis"",""animal health.""]"	"[""Livestock""]"	"[""Animal husbandry"",""Pest control""]"	False	0.0	False	False	False	1	3	1	ok	True	2	en	True	51	7	True	0	0	True	497	80	True	4438	694	True	4	True	True	True	0	0	0	0	0	0	3
673789aa2d68c0bf0b54b698	Report to estimate the potential yield loss and associated direct and indirect economic impact	en	en	en	24	11	1	19	0	55	8	10	1	10	1	0	0	0	6	8	0.0	True	https://www.ponteproject.eu/	True		Subtitle missing; CV inconsistencies: Unknown intended_purposes: dissemination	Document	"[""Deliverable report""]"	"[""Integrated pest management"",""Phythophtora"",""forests"",""Hymenoscyphus"",""Candidatus Liberibacter solanacearum"",""potato"",""olive"",""Xylella fastidiosa"",""Chalara""]"	"[""Forestry"",""Livestock"",""Environment"",""Crop farming""]"	"[""Genetic resources"",""Crop production"",""Pest control"",""Land management""]"	False	0.0	False	False	False	1	1	1	ok	True	1	en	True	94	14	True	0	0	True	1156	164	False	331321	47696	False	9	True	True	True	0	0	0	0	0	0	1
67e94e1685dc94a1419d917a	Handbook of Guidelines for Sustainable Diversified Cropping Systems	en	en	en	14	12	1	19	2	46	8	0	1	10	2	0	0	0	6	8	0.0	True	http://www.diverfarming.eu/index.php/en/	True		Subtitle missing; CV inconsistencies: Unknown intended_purposes: dissemination, support decisionmaking and strategic planning	Document	"[""Deliverable report""]"	"[""Crop diversification"",""Lowinput farming"",""Sustainable cropping systems"",""Europe""]"	"[""Crop farming"",""Environment"",""Economics""]"	"[""Agroecology"",""Agricultural productivity"",""Crop rotation"",""Diversification"",""Soil management"",""Crop production""]"	False	0.0	False	False	False	1	2	1	ok	True	1	en	True	67	8	True	0	0	True	206	27	False	170367	25119	False	4	True	True	True	0	0	0	0	0	0	2
683b081cca69681aaab9637d	Lough Sheelin Riparian Zone EnhancementEIP Project Final Report	en	en	en	19	16	1	20	2	56	8	10	1	10	5	1	0	0	6	8	0.0	False		False		Subtitle missing; CV inconsistencies: Unknown intended_purposes: communication, dissemination	Document	"[""Report/paper"",""Deliverable report""]"	"[""Biodiversity, riparian zone enhancements, water quality,""]"	"[""Environment""]"	"[""Biodiversity"",""Land management""]"	False	0.0	False	False	False	1	2	1	ok	True	2	en	True	63	8	True	0	0	True	1352	176	False	18061	2656	True	1	False	True	True	0	0	0	0	0	0	2
66684738c40a2778e792257e	Factsheet DSS carrot fly Warwick model	en	en	en	21	12	4	20	0	57	8	7	1	4	5	3	0	3	3	8	0.0	True	https://www.platform.ipmdecisions.net/	True		Subtitle missing; CV inconsistencies: Unknown locations: united kingdom | Unknown intended_purposes: support decisionmaking and strategic planning	Document	"[""Factsheet"",""Practice abstract""]"	"[""DSS"",""carrot fly"",""decisions support system"",""factsheet"",""IPM Decisions"",""Warwick""]"	"[""Crop farming""]"	"[""Pest control"",""Crop production""]"	False	0.0	False	False	False	1	1	1	ok	True	2	en	True	38	6	True	0	0	True	915	143	True	2909	450	True	6	True	True	True	0	0	0	0	0	1	1
6704ec83fd7af7b36f8e88ee	Brochure Preventing HLB epidemics for ensuring citrus survival in Europe	en	en	en	21	15	1	19	4	56	8	7	1	8	5	2	0	0	6	8	0.0	True	https://www.prehlb.eu/	True		Subtitle missing; CV inconsistencies: Unknown intended_purposes: communication, dissemination	Document	"[""Brochure"",""Flyer"",""Deliverable report"",""Practice abstract""]"	"[""HLB"",""disease"",""vector"",""symptoms"",""citrus"",""insect"",""control"",""bacteria""]"	"[""Economics"",""Environment"",""Crop farming""]"	"[""Pest control"",""Agricultural productivity"",""Biodiversity""]"	False	0.0	False	False	False	1	2	5	ok	True	4	en	True	72	10	True	0	0	True	801	121	True	5640	808	True	8	True	True	True	0	0	0	0	0	0	2
6735f910bdcb1e8a974a9c35	Visions of sustainable prosperous farming communities	en	en	en	26	17	2	20	2	65	8	12	1	10	5	2	0	1	5	8	0.0	True	https://fatima-h2020.eu/	True		Subtitle missing; CV inconsistencies: Unknown intended_purposes: dissemination	Document	"[""Report/paper""]"	"[""Visioning"",""sustainable"",""prosperous"",""farming"",""communities""]"	"[""Crop farming"",""Environment""]"	"[""Agroecology"",""Land management"",""Soil management"",""Crop production""]"	False	0.0	False	False	False	1	1	1	ok	True	1	en	True	53	6	True	0	0	True	803	113	True	19004	2244	True	5	True	True	True	0	0	0	0	0	0	1
6724c283856efe8bda9b4d2c	CERERE ProjectAgrobiodiversity: Success stories in Europe	en	en	en	24	12	4	17	0	57	8	13	1	10	2	0	0	3	3	8	0.0	False		True		Subtitle missing; CV inconsistencies: Unknown intended_purposes: communication, dissemination	Document	"[""Book""]"	"[""CERERE"",""low input food systems"",""Organic Farming"",""Diversity"",""Case Study"",""Multiactor Innovation""]"	"[""Environment"",""Economics"",""Society""]"	"[""Training"",""Organic agriculture""]"	False	0.0	False	False	False	1	2	1	ok	True	1	en	True	57	6	True	0	0	True	635	84	True	321442	47790	False	6	True	True	True	0	0	0	0	0	0	2
66225f47ad7afadbfd52a375	Buena planificación: Guía Práctica	es	es	es	21	14	1	17	2	53	8	7	1	10	4	0	0	0	6	8	0.0	True	https://www.liaison2020.eu	True		Subtitle missing; Language mismatch (declared=en, detected=es); CV inconsistencies: Unknown intended_purposes: communication, dissemination	Document	"[""Report/paper"",""Manual"",""Guide""]"	"[""guide""]"	"[""Crop farming"",""Environment"",""Economics"",""Society""]"	"[""Training"",""Social innovation""]"	False	0.0	False	False	False	1	3	1	ok	True	3	en	False	34	4	True	0	0	True	1271	172	False	38927	5563	False	1	False	True	True	0	0	0	0	0	0	2
6716a66c8c91d2f819cc367e	Policy Brief 'Supporting Networks'	en	en	en	14	14	2	18	0	48	8	0	1	8	5	1	0	1	5	8	0.0	True	https://cordis.europa.eu/project/id/727895	True		Subtitle missing; CV inconsistencies: Unknown intended_purposes: support decisionmaking and strategic planning	Document	"[""Policy brief""]"	"[""thematic network"",""support"",""sheep productivity"",""skateholders involvment"",""sharing knowledge"",""transnational workshops"",""funding networks""]"	"[""Livestock""]"	"[""Animal husbandry""]"	False	0.0	False	False	False	1	1	3	ok	True	1	en	True	34	4	True	0	0	True	155	22	False	8672	1299	True	7	True	True	True	0	0	0	0	0	0	1
686efedcdaff72a6956369e0	Development of a Pilot Dryer for Sustainable Fertilizer Production	en	en	en	24	10	2	20	2	56	8	10	3	2	5	3	0	0	6	8	0.0	True	https://eu-cap-network.ec.europa.eu/projects/development-and-implementation-patent-based-innovation-improvement-production-process_en	False		Invalid DOI format; Low content depth (<250 tokens); Subtitle missing; CV inconsistencies: Unknown intended_purposes: evaluation, experimentation, modelling, support decisionmaking and strategic planning	Document	"[""Practice abstract""]"	"[""Dryer design"",""Pilot installation"",""Prototype testing"",""Fertilizer market"",""Bird husbandry"",""Multicomponent fertilizer"",""Agricultural products"",""Hazardous waste"",""Ammonia"",""Consumer safety""]"	"[""Crop farming""]"	"[""Farm equipment"",""Diversification"",""Training"",""Organic agriculture"",""Crop rotation""]"	False	0.0	False	False	False	1	4	1	ok	True	1	en	True	66	8	True	0	0	True	646	88	True	1369	189	True	10	True	True	True	0	0	0	0	0	0	4
68b05374a408fb38e046e221	Episode 2: Exploring Root Ideotypes and Plasticity: Strategies for Resilient Agriculture	en	en	it	20	10	8	20	4	58	8	7	3	0	5	5	0	6	0	8	0.0	False		True		Low content depth (<250 tokens); Subtitle missing; CV inconsistencies: Unknown subcategories: questionandanswer podcast | Unknown locations: morocco | Unknown intended_purposes: communication, dissemination	Audio	"[""Questionandanswer podcast""]"	"[""Root Ideotypes"",""Plasticity"",""Plant Breeding"",""Crop Resilience"",""Root2Res""]"	"[""Crop farming"",""Environment""]"	"[""Diversification"",""Crop rotation"",""Climate"",""Soil management"",""Genetic resources""]"	False	0.0	False	False	False	1	2	2	ok	True	1	en	True	88	10	True	0	0	True	291	45	True	18	3	False	5	True	True	True	0	0	1	0	0	1	2
676e8dcefd164d5be8cf5f50	Long term soil phosphorus (P) mining in agriculture	en	en	en	14	10	7	20	2	51	8	0	1	0	5	5	0	6	0	8	0.0	True	https://h2020eureka.eu/	True		Low content depth (<250 tokens); Subtitle missing; CV inconsistencies: Unknown intended_purposes: dissemination	Audio	"[""Solo podcast""]"	"[""P mining, organic phosphorus, soil organic carbon levels, acid phosphatase activity""]"	"[""Environment""]"	"[""Fertilization"",""Soil management""]"	False	0.0	False	False	False	1	1	1	ok	True	1	en	True	51	7	True	0	0	True	255	38	False	243	32	False	1	False	True	True	0	0	0	0	0	0	1
67a5dc614dce35cb3766e13a	Grapevine Trunk Diseases : Symptoms and Epidemiology	en	en	en	23	8	8	20	2	59	8	7	3	0	5	3	0	6	0	8	0.0	True	http://www.winetwork-data.eu/	True		Low content depth (<250 tokens); Subtitle missing; CV inconsistencies: Unknown subcategories: tutorial/howto video | Unknown intended_purposes: communication, dissemination	Video	"[""Tutorial/howto video"",""Educational/training video"",""Guide""]"	"[""Grapevine"",""Trunk Diseases"",""Symptoms"",""Epidemiology""]"	"[""Crop farming""]"	"[""Pest control"",""Crop production""]"	False	0.0	False	False	False	1	2	1	ok	True	3	en	True	52	6	True	0	0	True	311	41	True	352	25	False	4	True	True	True	0	0	1	0	0	0	2
67c5d3ba8287d0b6a9b2fe70	The use of subsurface irrigation in viticulture	en	en	en	17	8	4	18	2	47	8	3	1	0	5	3	0	3	3	8	0.0	True	https://climed-fruit.eu/	True		Low content depth (<250 tokens); Subtitle missing; CV inconsistencies: Unknown intended_purposes: communication, dissemination	Video	"[""Presentation/live talk capturing video""]"	"[""irrigation"",""viticulture"",""subsurface""]"	"[""Crop farming"",""Environment""]"	"[""Soil management"",""Fertilization"",""Crop production""]"	False	0.0	False	False	False	1	2	1	ok	True	1	en	True	47	7	True	0	0	True	190	26	False	853	81	False	3	False	True	True	0	0	0	0	0	0	2
6740a24ff4eb35c830877aa7	Risks which cause animal losses on intensive fattening farms	en	en	it	21	10	7	20	0	58	8	7	1	0	5	5	0	6	0	8	0.0	True	https://www.bovine-eu.net/	True		Low content depth (<250 tokens); Subtitle missing; CV inconsistencies: Unknown intended_purposes: communication, dissemination	Video	"[""Webinar""]"	"[""Cattle finishing"",""risks"",""health"",""bulls"",""TMR"",""Health Plan"",""animal transport"",""livestock mortality""]"	"[""Livestock""]"	"[""Animal husbandry""]"	False	0.0	False	False	False	1	2	3	ok	True	1	en	True	60	9	True	0	0	True	575	89	True	18	3	False	8	True	True	True	0	0	0	0	0	0	2
66ced0b78bfbbeb036cb86a2	MOVING ProjectVulnerability and resilience of the beef production in the mountain regions	en	en	it	24	10	4	20	2	58	8	10	1	0	5	5	0	3	3	8	0.0	True	https://www.moving-h2020.eu/	True		Low content depth (<250 tokens); Subtitle missing; CV inconsistencies: Unknown intended_purposes: communication, dissemination	Video	"[""Case study""]"	"[""Mountains"",""Vulnerability"",""Beef production"",""Farmers"",""Drought"",""Demographic changes"",""Inflation"",""Energy prices"",""Incentives"",""Subsidies""]"	"[""Society"",""Environment"",""Economics""]"	"[""Animal husbandry"",""Biodiversity"",""Climate""]"	False	0.0	False	False	False	2	2	1	ok	True	1	en	True	89	12	True	0	0	True	626	93	True	18	3	False	10	True	True	True	0	0	0	0	0	0	2
67c6d1a58287d0b6a9b3227b	Improvement of Avocado Productivity in Málaga, Cádiz, Comunidad Valenciana and Canarias	en	en	en	19	10	2	20	4	51	8	5	3	0	5	5	0	0	6	8	0.0	True	https://eu-cap-network.ec.europa.eu/projects/operational-group-avocado-innovation-improvement-avocado-productivity-malaga-cadiz_en	False		Invalid DOI format; Low content depth (<250 tokens); Subtitle missing; CV inconsistencies: Unknown intended_purposes: communication, dissemination	Video	"[""Presentation/live talk capturing video""]"	"[""avocado"",""productivity"",""innovation"",""improvement"",""Operational Group"",""project's progression"",""results""]"	"[""Crop farming"",""Environment""]"	"[""Climate"",""Crop production""]"	False	0.0	False	False	False	1	2	1	ok	True	1	en	True	87	11	True	0	0	True	254	35	False	251	26	False	7	True	True	True	0	0	0	0	0	0	2
67211001f631654f755179dd	EUnetHorse projectPresentation video	en	en	it	16	10	4	20	2	50	5	5	1	0	5	5	0	3	3	8	0.0	True	https://www.eunethorse.eu	True		Low content depth (<250 tokens); Subtitle missing; CV inconsistencies: Unknown intended_purposes: communication	Video	"[""Presentation/live talk capturing video""]"	"[""EUnetHorse"",""equine"",""equine farms"",""farms"",""resilience"",""performance""]"	"[""Environment"",""Economics"",""Livestock""]"	"[""Climate"",""Biodiversity"",""Rural conditions"",""Energy management""]"	False	0.0	False	False	False	1	1	1	ok	True	1	en	True	36	3	False	0	0	True	121	17	False	18	3	False	6	True	True	True	0	0	0	0	0	0	1
66cee9508bfbbeb036cb8e7b	MOVING ProjectVulnerability and resilience of the honey production in a mountain area	en	en	it	24	10	4	20	2	58	8	10	1	0	5	5	0	3	3	8	0.0	True	https://www.moving-h2020.eu/	True		Low content depth (<250 tokens); Subtitle missing; CV inconsistencies: Unknown intended_purposes: communication, dissemination	Video	"[""Case study""]"	"[""Mountains"",""Vulnerability"",""Climate Change"",""Biodiversity"",""Legislation""]"	"[""Society"",""Environment"",""Economics""]"	"[""Biodiversity"",""Training"",""Climate""]"	False	0.0	False	False	False	1	2	1	ok	True	1	en	True	85	11	True	0	0	True	701	99	True	18	3	False	5	True	True	True	0	0	0	0	0	0	2
66cee88945168fd6c4c82f0e	MOVING ProjectVulnerability and resilience of a specific sheep breed in a mountain region	en	en	it	24	10	4	20	0	58	8	10	1	0	5	5	0	3	3	8	0.0	True	https://www.moving-h2020.eu/	True		Low content depth (<250 tokens); Subtitle missing; CV inconsistencies: Unknown intended_purposes: communication, dissemination	Video	"[""Case study""]"	"[""Mountains"",""vulnerability"",""climate change"",""demographic changes"",""subsidies"",""policy"",""marketing""]"	"[""Society"",""Environment"",""Economics""]"	"[""Animal husbandry""]"	False	0.0	False	False	False	2	2	1	ok	True	1	en	True	89	11	True	0	0	True	833	117	True	18	3	False	7	True	True	True	0	0	0	0	0	0	2
66dee0feba998013c326b323	TheGreefa Training: Module 4 - Environmental assessment	en	en	it	23	10	4	20	0	57	8	9	1	0	5	5	0	3	3	8	0.0	True	https://www.thegreefa.eu	True		Low content depth (<250 tokens); Subtitle missing; CV inconsistencies: Unknown intended_purposes: dissemination	Video	"[""Educational/training video"",""Webinar""]"	"[""thegreefa"",""h2020"",""training"",""lca"",""greenhouse""]"	"[""Crop farming"",""Environment""]"	"[""Energy management"",""Climate"",""Crop production""]"	False	0.0	False	False	False	1	1	3	ok	True	2	en	True	55	5	True	0	0	True	498	72	True	18	3	False	5	True	True	True	0	0	0	0	0	0	1
68417f29e3352e0916cd61d7	Automatic Cleaning for Pigs	en	en	en	17	10	5	20	4	52	8	0	6	0	5	5	0	0	6	8	0.0	True	https://eu-cap-network.ec.europa.eu/projects/automatic-cleaning-pigs_en	False		Invalid DOI format; Low content depth (<250 tokens); Subtitle missing; CV inconsistencies: Unknown intended_purposes: communication, dissemination	Video	"[""Testimonial""]"	"[""Pig Farming"",""Animal Husbandry"",""Cleaning Systems""]"	"[""Livestock""]"	"[""Animal husbandry""]"	False	0.0	False	False	False	1	2	1	ok	True	1	en	True	27	4	True	0	0	True	62	10	False	112	9	False	3	False	True	True	0	0	0	0	0	0	2
67a60a54733cbe2c7df8283c	Flavescence Dorée – How to manage it ?	en	en	en	14	8	7	20	2	49	8	0	1	0	5	3	0	6	0	8	0.0	True	http://www.winetwork-data.eu/	True		Low content depth (<250 tokens); Subtitle missing; CV inconsistencies: Unknown subcategories: tutorial/howto video | Unknown intended_purposes: communication, dissemination	Video	"[""Educational/training video"",""Tutorial/howto video"",""Guide""]"	"[""Flavescence Dorée"",""Flavescence Dorée management"",""Vine""]"	"[""Crop farming""]"	"[""Pest control"",""Crop production""]"	False	0.0	False	False	False	1	2	1	ok	True	3	en	True	38	6	True	0	0	True	239	30	False	389	29	False	3	False	True	True	0	0	1	0	0	0	2
66cee5c904d857e0e65d6f42	MOVING ProjectVulnerability and resilience of the chestnut flour value chain	en	en	it	24	10	4	20	2	58	8	10	1	0	5	5	0	3	3	8	0.0	True	https://www.moving-h2020.eu/	True		Low content depth (<250 tokens); Subtitle missing; CV inconsistencies: Unknown intended_purposes: communication, dissemination	Video	"[""Case study""]"	"[""Mountains"",""Vulnerability"",""Resilience"",""Climate change"",""Soil quality""]"	"[""Society"",""Environment"",""Economics""]"	"[""Training"",""Soil management""]"	False	0.0	False	False	False	2	2	1	ok	True	1	en	True	76	10	True	0	0	True	646	92	True	18	3	False	5	True	True	True	0	0	0	0	0	0	2
6659b7629f28fcb3f00d0318	Evolution of IPM techniques and the advisory service in Navarra	en	en	it	29	10	3	18	2	60	8	13	3	0	5	5	0	1	5	8	0.0	True	https://www.agrilink2020.eu/	True		Low content depth (<250 tokens); Subtitle missing; CV inconsistencies: Unknown intended_purposes: communication, dissemination	Video	"[""Educational/training video"",""Case study""]"	"[""Agricultural Knowledge and Innovation System (AKIS)"",""Farm advisory services"",""Living Laboratory (Lab)"",""Sustainable agriculture"",""Integrated Pest Management"",""Alert System"",""GIP Techniques"",""Crop Farming""]"	"[""Economics"",""Society"",""Crop farming""]"	"[""Training"",""Farm equipment""]"	False	0.0	False	False	False	2	2	1	ok	True	2	en	True	63	10	True	0	0	True	752	111	True	18	3	False	8	True	True	True	0	0	0	0	0	0	2
67bd7abd7e17de31ed87fb1e	Shovelomics in Faba Beans: A Practical Guide	en	en	it	14	10	7	20	2	51	8	3	1	0	5	5	0	6	0	8	0.0	False		True		Low content depth (<250 tokens); Subtitle missing; CV inconsistencies: Unknown subcategories: tutorial/howto video | Unknown locations: morocco | Unknown intended_purposes: dissemination	Video	"[""Educational/training video"",""Tutorial/howto video""]"	"[""#Roots"",""#Shovelomics"",""#Fababean"",""#Method"",""#Tutorial"",""#Rootanalysis""]"	"[""Crop farming""]"	"[""Crop rotation"",""Genetic resources"",""Climate"",""Fertilization"",""Soil management""]"	False	0.0	False	False	False	1	1	2	ok	True	2	en	True	44	6	True	0	0	True	193	32	False	18	3	False	6	True	True	True	0	0	1	0	0	1	1
66d5b9977001a061fd32b233	TheGreefa promotional video	en	en	it	11	10	4	20	0	45	5	0	1	0	5	5	0	3	3	8	0.0	True	https://www.thegreefa.eu	True		Low content depth (<250 tokens); Subtitle missing; CV inconsistencies: Unknown intended_purposes: communication, dissemination	Video	"[""Educational/training video""]"	"[""TheGreefa"",""greenhouse farming"",""energy""]"	"[""Environment""]"	"[""Climate"",""Energy management"",""Crop production""]"	False	0.0	False	False	False	1	2	1	ok	True	1	en	True	27	3	False	0	0	True	110	15	False	18	3	False	3	False	True	True	0	0	0	0	0	0	2
67a6056b733cbe2c7df822f5	Managing Eutypa DiebackPreventing InfectionFungicide Spraying	en	en	en	16	10	8	20	2	54	8	0	3	0	5	5	0	6	0	8	0.0	True	http://www.winetwork-data.eu/	True		Low content depth (<250 tokens); Subtitle missing; CV inconsistencies: Unknown intended_purposes: communication, dissemination	Video	"[""Educational/training video""]"	"[""Eutypa Dieback"",""Fungicide Spraying"",""Preventing Infection"",""fungicide application""]"	"[""Crop farming""]"	"[""Pest control""]"	False	0.0	False	False	False	1	2	1	ok	True	1	en	True	61	5	True	0	0	True	299	31	False	170	18	False	4	True	True	True	0	0	0	0	0	0	2
66ceecff04d857e0e65d7347	MOVING ProjectVulnerability and resilience of greenhouse tomato production in the mountain region	en	en	it	24	10	4	20	2	58	8	10	1	0	5	5	0	3	3	8	0.0	True	https://www.moving-h2020.eu/	True		Low content depth (<250 tokens); Subtitle missing; CV inconsistencies: Unknown intended_purposes: communication, dissemination	Video	"[""Case study""]"	"[""Mountains"",""vulnerability"",""Climate change"",""Natural resources"",""Soil quality"",""Inflation"",""Greenhouse""]"	"[""Society"",""Environment"",""Economics""]"	"[""Training"",""Food quality"",""Organic agriculture"",""Crop production""]"	False	0.0	False	False	False	4	2	1	ok	True	1	en	True	97	12	True	0	0	True	614	87	True	18	3	False	7	True	True	True	0	0	0	0	0	0	2
6847d8049667d5f2b0f559b2	Precision Farming: Flax (FlaxSense)	en	en	en	17	10	5	20	6	52	8	0	6	0	5	5	0	0	6	8	0.0	True	https://eu-cap-network.ec.europa.eu/projects/precision-farming-flax-flaxsense_en	False		Invalid DOI format; Low content depth (<250 tokens); Subtitle missing; CV inconsistencies: Unknown intended_purposes: communication, dissemination	Video	"[""Case study""]"	"[""Precision Farming"",""Flax"",""FlaxSense""]"	"[""Crop farming""]"	"[""Crop rotation"",""Digital technology""]"	False	0.0	False	False	False	1	2	1	ok	True	1	en	True	35	4	True	0	0	True	88	11	False	106	8	False	3	False	True	True	0	0	0	0	0	0	2
67a9f7a1105c91a57da49d6d	Shovelomics in potato: how to study potato root systems with a shovel	en	en	it	16	10	8	20	8	54	8	3	3	0	5	5	0	6	0	8	0.0	False		True		Low content depth (<250 tokens); Subtitle missing; CV inconsistencies: Unknown subcategories: tutorial/howto video | Unknown locations: morocco | Unknown intended_purposes: dissemination	Video	"[""Guide"",""Tutorial/howto video"",""Educational/training video""]"	"[""soil"",""roots"",""potato"",""shovelomics""]"	"[""Crop farming"",""Environment""]"	"[""Crop rotation"",""Fertilization"",""Soil management""]"	False	0.0	False	False	False	1	1	2	ok	True	3	en	True	69	11	True	0	0	True	90	15	False	18	3	False	4	True	True	True	0	0	1	0	0	1	1
67a5e1924dce35cb3766e907	Flavescence Dorée – How to manage it ?	en	en	en	14	8	7	20	2	49	8	0	1	0	5	3	0	6	0	8	0.0	True	http://www.winetwork-data.eu/	True		Low content depth (<250 tokens); Subtitle missing; CV inconsistencies: Unknown subcategories: tutorial/howto video | Unknown intended_purposes: communication, dissemination	Video	"[""Educational/training video"",""Tutorial/howto video"",""Guide""]"	"[""Flavescence Dorée"",""Flavescence Dorée management"",""Vine""]"	"[""Crop farming""]"	"[""Pest control"",""Crop production""]"	False	0.0	False	False	False	1	2	1	ok	True	3	en	True	38	6	True	0	0	True	225	28	False	330	25	False	3	False	True	True	0	0	1	0	0	0	2
66d1c509268b4b5762f9464f	Continental Region	en	en	it	13	10	8	18	4	49	5	0	6	0	5	5	0	3	3	8	0.0	False		True		Low content depth (<250 tokens); Subtitle missing; CV inconsistencies: Unknown intended_purposes: dissemination	Video	"[""Documentary video""]"	"[""SuperG"",""Permanent Grassland"",""Continental Region""]"	"[""Livestock""]"	"[""Animal husbandry"",""Biodiversity""]"	False	0.0	False	False	False	1	1	1	ok	True	1	en	True	18	2	False	0	0	True	63	10	False	18	3	False	3	False	True	True	0	0	0	0	0	0	1
66991bf745168fd6c4c32655	Fieldwork reflections: studying direct marketing of farm produce in Latvia	en	en	it	29	10	3	18	0	60	8	13	3	0	5	5	0	1	5	8	0.0	True	https://www.agrilink2020.eu/	True		Low content depth (<250 tokens); Subtitle missing; CV inconsistencies: Unknown intended_purposes: communication, dissemination	Video	"[""Case study""]"	"[""Agricultural Knowledge and Innovation System (AKIS)"",""Farm advisory services"",""Living Laboratory (Lab)"",""Sustainable agriculture"",""Direct Sales"",""Sales Forms"",""Sales practices"",""OnFarm Sales"",""Short Food Supply Chain""]"	"[""Environment"",""Society"",""Economics""]"	"[""Agricultural productivity"",""Diversification""]"	False	0.0	False	False	False	1	2	1	ok	True	1	en	True	74	10	True	0	0	True	752	111	True	18	3	False	9	True	True	True	0	0	0	0	0	0	2
66d1ca2e292138e1f49af574	Boreal Region	en	en	it	13	10	8	18	4	49	5	0	6	0	5	5	0	3	3	8	0.0	False		True		Low content depth (<250 tokens); Subtitle missing; CV inconsistencies: Unknown intended_purposes: dissemination	Video	"[""Documentary video""]"	"[""SuperG"",""Permanent Grassland"",""Boreal Region""]"	"[""Livestock""]"	"[""Animal husbandry"",""Biodiversity""]"	False	0.0	False	False	False	1	1	1	ok	True	1	en	True	13	2	False	0	0	True	58	10	False	18	3	False	3	False	True	True	0	0	0	0	0	0	1
67a5d97b4dce35cb3766dd2d	Grapevine Trunk Diseases : Managing the infected vines	en	en	en	23	8	8	20	4	59	8	7	3	0	5	3	0	6	0	8	0.0	True	http://www.winetwork-data.eu/	True		Low content depth (<250 tokens); Subtitle missing; CV inconsistencies: Unknown subcategories: tutorial/howto video | Unknown intended_purposes: communication, dissemination	Video	"[""Guide"",""Tutorial/howto video"",""Educational/training video""]"	"[""Grapevine"",""Trunk Diseases"",""Vine Management"",""Areas infected"",""Fungi""]"	"[""Crop farming""]"	"[""Pest control""]"	False	0.0	False	False	False	1	2	1	ok	True	3	en	True	54	7	True	0	0	True	303	41	True	333	24	False	5	True	True	True	0	0	1	0	0	0	2
67ab101c29b5d636ce76d8e5	Radio Frequency IDentification (RFID) Low Frequency (LF) Tags and Readers	en	en	en	20	10	14	20	8	64	8	0	10	0	5	5	0	6	0	8	0.0	False		True		Low content depth (<250 tokens); Subtitle missing; CV inconsistencies: Unknown intended_purposes: communication, dissemination	Video	"[""Presentation/live talk capturing video"",""Educational/training video""]"	"[""readers"",""Radio Frequency IDentification (RFID)"",""Tags"",""Low Frequency (LF)""]"	"[""Livestock"",""Economics""]"	"[""Animal husbandry"",""Digital technology"",""Farm equipment""]"	False	0.0	False	False	False	1	2	1	ok	True	2	en	True	73	10	True	0	0	True	120	13	False	83	8	False	4	True	True	True	0	0	0	0	0	0	2
67c5d6818287d0b6a9b2fed5	Sustainability of Avocado Crop in Europe	en	en	en	14	8	4	20	2	46	8	0	1	0	5	3	0	3	3	8	0.0	True	https://climed-fruit.eu/	True		Low content depth (<250 tokens); Subtitle missing; CV inconsistencies: Unknown intended_purposes: communication, dissemination	Video	"[""Presentation/live talk capturing video""]"	"[""avocado"",""crop"",""sustainability"",""Europe"",""climate change""]"	"[""Crop farming"",""Environment""]"	"[""Crop production"",""Climate"",""Soil management""]"	False	0.0	False	False	False	1	2	1	ok	True	1	en	True	40	6	True	0	0	True	170	23	False	843	77	False	5	True	True	True	0	0	0	0	0	0	2
66d1cc41268b4b5762f94956	Ecosystem services from permanent grasslands | Result Video	en	en	it	15	10	8	20	2	53	8	2	3	0	5	5	0	6	0	8	0.0	False		True		Low content depth (<250 tokens); Subtitle missing; CV inconsistencies: Unknown intended_purposes: dissemination	Video	"[""Educational/training video""]"	"[""SuperG"",""Permanent Grassland"",""Ecosystem Services""]"	"[""Livestock""]"	"[""Animal husbandry"",""Biodiversity""]"	False	0.0	False	False	False	1	1	1	ok	True	1	en	True	59	7	True	0	0	True	91	17	False	18	3	False	3	False	True	True	0	0	0	0	0	0	1
6721f064bbe71983a0226fa3	EUnetHorseAnimated presentation video	en	en	it	16	10	8	20	4	54	5	0	6	0	5	5	0	3	3	8	0.0	True	https://www.eunethorse.eu	True		Low content depth (<250 tokens); Subtitle missing; locations_flat missing or >5 items; CV inconsistencies: Unknown intended_purposes: communication	Video	"[""Presentation/live talk capturing video""]"	"[""EUnetHorse"",""equine industry"",""equine sector"",""horse industry"",""horse sector"",""horse"",""equine"",""resilience"",""performance"",""equine farms"",""horizon europe""]"	"[""Economics"",""Livestock"",""Environment""]"	"[""Animal husbandry"",""Climate"",""Biodiversity"",""Energy management""]"	False	0.0	False	False	False	1	1	10	ok	True	1	en	True	37	3	False	0	0	True	122	17	False	18	3	False	11	True	True	True	0	0	0	0	0	0	1
6659bd1ba613cc9ed34bb586	The struggles behind adopting new technologies	en	en	it	29	10	3	18	0	60	8	13	3	0	5	5	0	1	5	8	0.0	True	https://www.agrilink2020.eu/	True		Low content depth (<250 tokens); Subtitle missing; CV inconsistencies: Unknown intended_purposes: communication, dissemination	Video	"[""Case study""]"	"[""Agricultural Knowledge and Innovation System (AKIS)"",""Farm advisory services"",""Living Laboratory (Lab)"",""Sustainable agriculture"",""precision farming"",""biotechnology"",""digital equipment"",""crop farming""]"	"[""Environment"",""Economics"",""Society""]"	"[""Training"",""Farm equipment""]"	False	0.0	False	False	False	1	2	1	ok	True	1	en	True	46	6	True	0	0	True	752	111	True	18	3	False	8	True	True	True	0	0	0	0	0	0	2
6847e3ca9667d5f2b0f559f9	Reduction of the use of antibiotics in heavy pig farms: productive and qualitative effects	en	en	en	12	10	1	20	8	43	8	0	1	0	5	5	0	0	6	8	0.0	True	https://eu-cap-network.ec.europa.eu/projects/reduction-use-antibiotics-heavy-pig-farms-productive-and-qualitative-effects-antibiotic_en	False		Invalid DOI format; Low content depth (<250 tokens); Subtitle missing; CV inconsistencies: Unknown intended_purposes: communication, dissemination	Video	"[""Presentation/live talk capturing video""]"	"[""Antibiotics"",""Pig farming"",""Animal health""]"	"[""Livestock""]"	"[""Animal husbandry""]"	False	0.0	False	False	False	1	2	1	ok	True	1	en	True	90	14	True	0	0	True	108	16	False	202	21	False	3	False	True	True	0	0	0	0	0	0	2
67c6e4208287d0b6a9b32450	Studies and project outcomes on vineyards, soil conservation, and the cultivation of avocados, citrus fruits, cherries, and olives.	en	en	en	26	10	7	20	0	63	8	12	1	2	5	3	0	6	0	8	0.0	True	https://climed-fruit.eu/	True		Low content depth (<250 tokens); Subtitle missing; CV inconsistencies: Unknown intended_purposes: communication, dissemination	Video	"[""Presentation/live talk capturing video""]"	"[""Operational Groups"",""Agriculture"",""Innovation"",""Sustainability"",""vineyards"",""soil conservation"",""avocados"",""citrus fruits"",""cherries"",""olives""]"	"[""Crop farming"",""Environment""]"	"[""Biodiversity"",""Climate"",""Land management"",""Soil management"",""Food quality"",""Crop production"",""Organic agriculture"",""Digital technology"",""Fertilization""]"	False	0.0	False	False	False	1	2	5	ok	True	1	en	True	131	18	True	0	0	True	353	48	True	1867	188	True	10	True	True	True	0	0	0	0	0	0	2
67c6c9fdf6ac30ef5302d0c2	Redesign of Wine Systems for Improving Soil Biological Quality and Soil Conservation in MidiPyrénées	en	en	en	19	10	6	20	4	55	8	5	3	0	5	5	0	4	2	8	0.0	True	https://eu-cap-network.ec.europa.eu/projects/gascogninnov_en	False		Invalid DOI format; Low content depth (<250 tokens); Subtitle missing; CV inconsistencies: Unknown intended_purposes: communication, dissemination	Video	"[""Presentation/live talk capturing video""]"	"[""soil conservation"",""soil biological quality"",""wine systems"",""MidiPyrénées"",""France""]"	"[""Crop farming"",""Environment""]"	"[""Soil management"",""Biodiversity"",""Climate"",""Crop production""]"	False	0.0	False	False	False	1	2	1	ok	True	1	en	True	100	14	True	0	0	True	254	35	False	205	22	False	5	True	True	True	0	0	0	0	0	0	2
66cee55445168fd6c4c82cb2	MOVING ProjectVulnerability and resilience of the viticultural sector in the mountain areas	en	en	it	24	10	4	20	2	58	8	10	1	0	5	5	0	3	3	8	0.0	True	https://www.moving-h2020.eu/	True		Low content depth (<250 tokens); Subtitle missing; CV inconsistencies: Unknown intended_purposes: communication, dissemination	Video	"[""Case study""]"	"[""Mountains"",""Vulnerability"",""Resilience"",""Climate change"",""Soil quality"",""Demographic changes""]"	"[""Society"",""Economics"",""Environment""]"	"[""Climate"",""Soil management""]"	False	0.0	False	False	False	3	2	1	ok	True	1	en	True	91	12	True	0	0	True	590	84	True	18	3	False	6	True	True	True	0	0	0	0	0	0	2
66d1ccd47001a061fd326fbf	Role of multispecies swards in delivering ecosystem services | Result Videos	en	en	it	13	10	7	20	2	50	8	2	1	0	5	5	0	6	0	8	0.0	False		True		Low content depth (<250 tokens); Subtitle missing; CV inconsistencies: Unknown intended_purposes: dissemination	Video	"[""Educational/training video""]"	"[""SuperG"",""Permanent Grassland""]"	"[""Livestock""]"	"[""Animal husbandry"",""Biodiversity""]"	False	0.0	False	False	False	1	1	1	ok	True	1	en	True	76	10	True	0	0	True	91	17	False	18	3	False	2	False	True	True	0	0	0	0	0	0	1
66d1cd3a292138e1f49af625	Overseeding and slot seeding | Result Videos	en	en	it	13	10	7	20	0	50	8	2	1	0	5	5	0	6	0	8	0.0	False		True		Low content depth (<250 tokens); Subtitle missing; CV inconsistencies: Unknown intended_purposes: dissemination	Video	"[""Educational/training video""]"	"[""SuperG"",""Permanent Grassland""]"	"[""Livestock""]"	"[""Animal husbandry"",""Biodiversity""]"	False	0.0	False	False	False	1	1	1	ok	True	1	en	True	44	6	True	0	0	True	91	17	False	18	3	False	2	False	True	True	0	0	0	0	0	0	1
684183a5e3352e0916cd6228	Complex System for Valorization of Beekeeping ByProducts for Obtaining Bioactive PowderBiopowder	en	en	en	17	10	5	20	8	52	8	0	6	0	5	5	0	0	6	8	0.0	True	https://eu-cap-network.ec.europa.eu/projects/complex-system-valorization-beekeep-products-obtaining-bioactive-powder-biopowder_en	False		Invalid DOI format; Low content depth (<250 tokens); Subtitle missing; intended_purposes missing; CV inconsistencies: intended_purposes missing (cardinality)	Video	"[""Educational/training video""]"	"[""beekeeping"",""byproducts"",""bioactive powder"",""Biopowder""]"	"[""Environment"",""Economics"",""Society""]"	"[""Organic agriculture""]"	False	0.0	False	False	False	1	0	1	ok	True	1	en	True	96	11	True	0	0	True	121	16	False	160	13	False	4	True	True	True	0	0	0	0	0	0	0
65f9aa93137e1cd60be198c7	Ammonia emission capture from the pig livestock as a circular solution from the OG Gas_Loop activities	en	en	it	14	10	7	20	2	51	8	0	1	0	5	5	0	6	0	8	0.0	True	https://www.nutri-know.eu	True		Low content depth (<250 tokens); Subtitle missing; CV inconsistencies: Unknown subcategories: tutorial/howto video | Unknown intended_purposes: communication	Video	"[""Tutorial/howto video""]"	"[""ammonia emission"",""nitrogen recovery"",""pig welfare"",""pig livestock"",""ammonium sulphate""]"	"[""Environment"",""Livestock""]"	"[""Farm equipment"",""Climate""]"	False	0.0	False	False	False	1	1	2	ok	True	1	en	True	102	15	True	0	0	True	182	27	False	18	3	False	5	True	True	True	0	0	1	0	0	0	1
67a4a759105c91a57d9ffe20	Good Practice of FAIRshare: UserCentred Design for Diversity	en	en	it	21	10	7	20	0	58	8	7	1	0	5	5	0	6	0	8	0.0	True	https://www.h2020fairshare.eu/	True		Low content depth (<250 tokens); Subtitle missing; CV inconsistencies: Unknown intended_purposes: dissemination, support decisionmaking and strategic planning	Video	"[""Documentary video"",""Educational/training video""]"	"[""DATS"",""advisors"",""AKIS"",""digitalisation"",""consumers"",""direct sales"",""marketing"",""healthy products"",""meeting"",""inventory"",""diverse needs"",""supply chain""]"	"[""Crop farming"",""Society""]"	"[""Training"",""Productivity"",""Food quality"",""Digital technology""]"	False	0.0	False	False	False	1	2	1	ok	True	2	en	True	60	8	True	0	0	True	427	62	True	18	3	False	12	True	True	True	0	0	0	0	0	0	2
6716b849aac3c7a5580d8543	How Can I Detect Mantitis?	en	en	en	14	11	7	19	2	51	8	0	1	2	5	4	0	6	0	8	0.0	True	https://cordis.europa.eu/project/id/696367	True		Low content depth (<250 tokens); Subtitle missing; CV inconsistencies: Unknown intended_purposes: dissemination	Image	"[""Infographic""]"	"[""mantitis"",""infection"",""cow""]"	"[""Livestock""]"	"[""Animal husbandry""]"	False	0.0	False	False	False	1	1	1	ok	True	1	en	True	26	4	True	0	0	True	81	13	False	850	114	True	3	False	True	True	0	0	0	0	0	0	1
65a671b0d7c24297492b58a9	COOPID infographic – Livestock sector	en	en	en	17	12	4	20	0	53	8	3	1	4	5	3	0	3	3	8	0.0	True	https://coopid.eu/	True		Subtitle missing; CV inconsistencies: Unknown intended_purposes: dissemination	Image	"[""Infographic""]"	"[""livestock"",""bioeconomy"",""biogas""]"	"[""Livestock""]"	"[""Energy management""]"	False	0.0	False	False	False	1	1	1	ok	True	1	en	True	37	4	True	0	0	True	111	15	False	1735	261	True	3	False	True	True	0	0	0	0	0	0	1
6716b61baac3c7a5580d8436	Lessons from New Zealand Sheep Production	en	en	en	14	11	7	15	2	47	8	0	1	2	5	4	0	6	0	8	0.0	True	https://cordis.europa.eu/project/id/727895	True		Low content depth (<250 tokens); Subtitle missing; CV inconsistencies: Unknown intended_purposes: dissemination	Image	"[""Infographic""]"	"[""sheep"",""production"",""innovations""]"	"[""Livestock""]"	"[""Animal husbandry""]"	False	0.0	False	False	False	1	1	1	ok	True	1	en	True	41	6	True	0	0	True	56	8	False	984	152	True	3	False	True	True	0	0	0	0	0	0	1
6716b7e1aac3c7a5580d8519	Effect of Silage Feed Value on Concentrate Requirement during Late Pregnancy	en	en	en	14	9	7	16	4	46	8	0	1	0	5	4	0	6	0	8	0.0	True	https://cordis.europa.eu/project/id/727895	True		Low content depth (<250 tokens); Subtitle missing; CV inconsistencies: Unknown intended_purposes: dissemination	Image	"[""Infographic""]"	"[""silage"",""concentrate"",""pregnancy"",""ewe"",""lambing"",""sheep""]"	"[""Livestock""]"	"[""Animal husbandry""]"	False	0.0	False	False	False	1	1	1	ok	True	1	en	True	76	11	True	0	0	True	112	16	False	554	82	False	6	True	True	True	0	0	0	0	0	0	1
6716b888aac3c7a5580d855d	How can your Farm Data Work for you?	en	en	en	11	10	7	19	2	47	5	0	1	0	5	5	0	6	0	8	0.0	True	https://cordis.europa.eu/project/id/696367	True		Low content depth (<250 tokens); Subtitle missing; CV inconsistencies: Unknown intended_purposes: dissemination	Image	"[""Infographic""]"	"[""dairy farm"",""data"",""animal data"",""data management""]"	"[""Livestock""]"	"[""Animal husbandry""]"	False	0.0	False	False	False	1	1	1	ok	True	1	en	True	36	8	True	0	0	True	45	8	False	543	72	False	4	True	True	True	0	0	0	0	0	0	1
687f85a84ac5ce725ad82c37	DRYAD Rollup	en	en	en	9	10	2	20	2	41	5	0	1	2	5	3	0	1	5	8	0.0	True	https://dryad-project.eu/	False		Invalid DOI format; Low content depth (<250 tokens); Subtitle missing; CV inconsistencies: Unknown license: CC BYNCSA | Unknown intended_purposes: dissemination	Image	"[""Static figure/image""]"	"[""Rollup"",""Naturebased solutions"",""DRYAD"",""Mediterranean ecosystems""]"	"[""Environment"",""Forestry"",""Livestock""]"	"[""Biodiversity"",""Climate"",""Soil management"",""Land management""]"	False	0.0	False	False	False	1	1	1	ok	True	1	en	True	12	2	False	0	0	True	72	10	False	1447	170	True	4	True	True	False	0	0	0	0	0	0	1
687df08b4ac5ce725ad81da4	LEGUMINOSE infographic: The effect of legume–cereal intercropping on the rhizobiome	en	en	it	16	10	11	20	4	57	8	0	6	0	5	5	0	6	0	8	0.0	False		True		Low content depth (<250 tokens); Subtitle missing; CV inconsistencies: Unknown intended_purposes: communication, dissemination	Image	"[""Infographic"",""Static figure/image""]"	"[""infographic"",""intercropping"",""rhizobiome"",""soil microbiome"",""soil health"",""microbial diversity"",""pests and diseases""]"	"[""Crop farming"",""Environment""]"	"[""Agroecology"",""Organic agriculture"",""Pest control"",""Fertilization"",""Diversification"",""Food quality"",""Biodiversity"",""Climate"",""Crop rotation"",""Land management"",""Soil management""]"	False	0.0	False	False	False	1	2	1	ok	True	2	en	True	83	10	True	0	0	True	261	33	False	18	3	False	7	True	True	True	0	0	0	0	0	0	2
6716b8d6209cd9bd370e5f2a	Milk as a Management Tool?	en	en	en	14	10	7	19	2	50	8	0	1	2	5	3	0	6	0	8	0.0	True	https://cordis.europa.eu/project/id/696367	True		Low content depth (<250 tokens); Subtitle missing; CV inconsistencies: Unknown intended_purposes: dissemination	Image	"[""Infographic""]"	"[""dairy farm"",""milk"",""management tool""]"	"[""Livestock""]"	"[""Animal husbandry""]"	False	0.0	False	False	False	1	1	1	ok	True	1	en	True	26	4	True	0	0	True	67	10	False	1301	188	True	3	False	True	True	0	0	0	0	0	0	1
6716b8ef209cd9bd370e5f42	Why should I use an Automatic Calf Feeding System?	en	en	en	14	10	7	19	4	50	8	0	1	0	5	5	0	6	0	8	0.0	True	https://cordis.europa.eu/project/id/696367	True		Low content depth (<250 tokens); Subtitle missing; CV inconsistencies: Unknown intended_purposes: dissemination	Image	"[""Infographic""]"	"[""calf"",""automatic calf feeding system""]"	"[""Livestock""]"	"[""Animal husbandry""]"	False	0.0	False	False	False	1	1	1	ok	True	1	en	True	50	8	True	0	0	True	72	11	False	594	86	False	2	False	True	True	0	0	0	0	0	0	1
67604593585b049643b041bb	Red de Espacios Test Agrarios (RETA), resultados del proyecto del grupo operativo RETA	es	es	es	19	9	7	20	0	55	8	7	1	0	5	4	0	6	0	8	0.0	True	https://espaciostestagrarios.org/	False		Invalid DOI format; Low content depth (<250 tokens); Subtitle missing; CV inconsistencies: Unknown intended_purposes: communication, dissemination	Document	"[""Journal article""]"	"[""test spaces"",""women"",""youngers"",""farmers"",""newcomers"",""social innovation"",""environment"",""organic"",""agroecology""]"	"[""Society"",""Environment"",""Forestry"",""Crop farming"",""Livestock""]"	"[""Training"",""Agroecology"",""Agricultural productivity"",""Climate"",""Biodiversity"",""Social innovation"",""Organic agriculture"",""Land management""]"	False	0.0	False	False	False	1	2	1	ok	True	1	es	True	86	13	True	0	0	True	463	68	True	67	9	False	9	True	True	True	0	0	0	0	0	0	2
67befe437e17de31ed8ac1d8	Ficha del GO INKING sobre el melocotón, Causas y soluciones	es	es	es	19	15	7	18	4	59	8	7	1	8	5	2	0	6	0	8	0.0	True	https://eu-cap-network.ec.europa.eu/projects/inking-peaches-causes-and-solutions_en	False		Invalid DOI format; Subtitle missing; CV inconsistencies: Unknown intended_purposes: communication, dissemination	Document	"[""Factsheet""]"	"[""Ryan Sun"",""SummerRich"",""Sweet Dream"",""fruta de hueso"",""comercializacion"",""defecto"",""melocoton"",""riego"",""abono"",""variedades"",""producción agraria"",""fisiopatía"",""madurez""]"	"[""Crop farming""]"	"[""Fertilization"",""Crop production"",""Pest control"",""Climate""]"	False	0.0	False	False	False	1	2	1	ok	True	1	es	True	59	9	True	0	0	True	844	127	True	8206	1161	True	13	False	True	True	0	0	0	0	0	0	2
67e4376dbe0d99d6c257b243	Newsletter 4 del Grupo Operativo Tuber Label, actividad final de proyecto innovador sobre la trufa negra	es	es	es	21	15	1	17	2	54	8	9	1	8	5	2	0	0	6	8	0.0	True	https://tuberlabel.es/	False		Invalid DOI format; Subtitle missing; CV inconsistencies: Unknown license: CC BYNCSA | Unknown intended_purposes: communication, dissemination	Document	"[""Newsletter""]"	"[""trufa negra"",""Tuber melanosporum"",""AKIS"",""últimas actividades"",""innovación"",""trazabilidad"",""sostenibilidad"",""comercialización"",""seminario"",""jornada"",""resultados"",""bosque"",""mesa"",""gastronomía"",""calidad alimentaria""]"	"[""Economics"",""Environment"",""Forestry"",""Society""]"	"[""Training"",""Climate"",""Diversification"",""Food quality""]"	False	0.0	False	False	False	1	2	1	ok	True	1	es	True	104	15	True	0	0	True	551	86	True	9748	1401	True	15	False	True	False	0	0	0	0	0	0	2
6776735ef99a3bf65ecefa47	Practice abstract del GO MADERA de CONSTRUCCIÓN SOSTENIBLE, Herramienta inteligente para la selección de productos de madera destinados a la construcción	en	en	en	9	12	7	12	2	40	5	0	1	4	5	3	0	6	0	8	0.0	True	https://eu-cap-network.ec.europa.eu/projects/operational-group-timber-sustainable-building-smart-tool-selection-timber-products-aimed_en	False		Invalid DOI format; Subtitle missing; Language mismatch (declared=es, detected=en); CV inconsistencies: Unknown intended_purposes: communication, dissemination	Document	"[""Practice abstract""]"	"[""intelligent tool for"",""selection"",""wood products"",""building"",""construction"",""industry"",""sustainable buildings""]"	"[""Forestry"",""Environment""]"	"[""Productivity"",""Diversification"",""Farm equipment""]"	False	0.0	False	False	False	1	2	1	ok	True	1	es	False	153	20	False	0	0	True	241	30	False	2352	288	True	7	True	True	True	0	0	0	0	0	0	2
67b1b73ec39e5e02d7ed7bab	Grupo Operativo Cereal AguaEntrevista a Carlos Marcos Primo, de Confederación Hidrográfica del Duero	es	es	it	21	10	8	20	2	59	8	7	3	0	5	5	0	6	0	8	0.0	True	https://eu-cap-network.ec.europa.eu/projects/transfer-innovation-and-new-technologies-more-efficient-profitable-sustainable-and_en	False		Invalid DOI format; Low content depth (<250 tokens); Subtitle missing; CV inconsistencies: Unknown intended_purposes: communication, dissemination	Audio	"[""Interview""]"	"[""sinergias"",""cereal"",""agua"",""grupo operativo"",""tecnologías"",""Life"",""sostenibilidad""]"	"[""Crop farming"",""Environment"",""Economics""]"	"[""Climate"",""Digital technology"",""Farm equipment"",""Land management"",""Soil management""]"	False	0.0	False	False	False	1	2	1	ok	True	1	es	True	100	12	True	0	0	True	369	57	True	18	3	False	7	True	True	True	0	0	0	0	0	0	2
67b1b574c39e5e02d7ed7932	Grupo Operativo Cereal AguaEntrevista a José Mora Jordano, del INGEMA Real Jardín Botánico de Córdoba	es	es	it	24	10	11	20	6	65	8	7	6	0	5	5	0	6	0	8	0.0	True	https://eu-cap-network.ec.europa.eu/projects/transfer-innovation-and-new-technologies-more-efficient-profitable-sustainable-and_en	False		Invalid DOI format; Low content depth (<250 tokens); Subtitle missing; CV inconsistencies: Unknown intended_purposes: communication, dissemination	Audio	"[""Interview""]"	"[""biodiversidad"",""erosión"",""servicios ecosistémicos"",""Córdoba"",""Cereal"",""Agua"",""Grupo Operativo"",""agricultores"",""escala de finca"",""paisaje"",""linderos"",""casos de éxito"",""inventario"",""ecoesquemas"",""PAC""]"	"[""Crop farming"",""Environment"",""Economics"",""Society""]"	"[""Biodiversity"",""Climate"",""Digital technology"",""Diversification"",""Land management"",""Rural conditions"",""Soil management""]"	False	0.0	False	False	False	1	2	1	ok	True	1	es	True	101	14	True	0	0	True	248	40	True	18	3	False	15	False	True	True	0	0	0	0	0	0	2
67b1b2b5c39e5e02d7ed75cc	Entrevista a José Martínez Fernández de la Universidad de Salamanca, miembro del GO Cereal Agua	es	es	it	21	10	8	20	4	59	8	7	3	0	5	5	0	6	0	8	0.0	True	https://eu-cap-network.ec.europa.eu/projects/transfer-innovation-and-new-technologies-more-efficient-profitable-sustainable-and_en	False		Invalid DOI format; Low content depth (<250 tokens); Subtitle missing; CV inconsistencies: Unknown intended_purposes: communication, dissemination	Audio	"[""Interview""]"	"[""cereal"",""agua"",""grupo operativo"",""agricultores"",""eficiencia"",""regadío"",""nuevas tecnologías"",""digitalización"",""técnicas"",""sostenibilidad""]"	"[""Crop farming"",""Economics"",""Environment""]"	"[""Climate"",""Digital technology"",""Farm equipment"",""Fertilization"",""Soil management"",""Crop production"",""Rural conditions""]"	False	0.0	False	False	False	1	2	1	ok	True	1	es	True	95	14	True	0	0	True	337	52	True	18	3	False	10	True	True	True	0	0	0	0	0	0	2
67c7109005c5a5fadf7b195b	Programa de Radio de la Despensa de Radio Nacional de España sobre el GO TOMPRINT que pretende identificar y gestionar el impacto ambiental producido por el tomate de industria	es	es	it	18	10	8	20	4	56	5	7	3	0	5	5	0	6	0	8	0.0	True	https://eu-cap-network.ec.europa.eu/projects/industry-tomato-footprint_en	False		Invalid DOI format; Low content depth (<250 tokens); Subtitle missing; CV inconsistencies: Unknown license: CC BYNCSA | Unknown intended_purposes: communication, dissemination	Audio	"[""Commentary""]"	"[""tomate"",""industria"",""invernadero"",""tomate procesado"",""huella hídrica"",""huella de carbono"",""impacto ambiental"",""planta"",""cultivo"",""producción"",""sostenibilidad"",""huella ecológica""]"	"[""Crop farming"",""Environment""]"	"[""Residues"",""Crop production"",""Productivity"",""Climate""]"	False	0.0	False	False	False	1	2	1	ok	True	1	es	True	176	28	False	0	0	True	480	73	True	18	3	False	12	True	True	False	0	0	0	0	0	0	2
67b1b02277075a43784b8717	Entrevista al coordinador del GO Cereal Agua: Federico Julián Fuentes	es	es	it	21	10	8	20	2	59	8	7	3	0	5	5	0	6	0	8	0.0	True	https://eu-cap-network.ec.europa.eu/projects/transfer-innovation-and-new-technologies-more-efficient-profitable-sustainable-and_en	False		Invalid DOI format; Low content depth (<250 tokens); Subtitle missing; CV inconsistencies: Unknown intended_purposes: communication, dissemination	Audio	"[""Interview""]"	"[""coordinador"",""innovación"",""grupo operativo"",""AEIAgri"",""cereal"",""agua"",""sostenibilidad"",""suelos"",""paisaje"",""regadío"",""desarrollo rural""]"	"[""Crop farming"",""Environment"",""Economics""]"	"[""Rural conditions"",""Climate"",""Land management"",""Soil management"",""Digital technology"",""Fertilization""]"	False	0.0	False	False	False	1	2	1	ok	True	1	es	True	69	10	True	0	0	True	429	69	True	18	3	False	11	True	True	True	0	0	0	0	0	0	2
67729154b191c0a36efe6b22	VIDEO del Grupo Operativo VITICAST que muestra una presentación sobre los trabajos del proyecto para mejorar la gestión de enfermedades fúngicas en el viñedo	es	es	it	16	10	7	20	2	53	5	7	1	0	5	5	0	6	0	8	0.0	True	https://eu-cap-network.ec.europa.eu/projects/viticast-innovative-solutions-prediction-fungal-diseases-grapevine_en	False		Invalid DOI format; Low content depth (<250 tokens); Subtitle missing; CV inconsistencies: Unknown intended_purposes: communication, dissemination	Video	"[""Documentary video"",""Presentation/live talk capturing video"",""Educational/training video""]"	"[""VID"",""ENFERMEDAD FUNGICA"",""MILDIU"",""OIDIO"",""BOTRITIS""]"	"[""Crop farming"",""Economics"",""Environment""]"	"[""Training"",""Productivity"",""Digital technology"",""Crop rotation"",""Pest control"",""Food quality"",""Energy management""]"	False	0.0	False	False	False	1	2	1	ok	True	3	es	True	157	24	False	0	0	True	410	59	True	18	3	False	5	True	True	True	0	0	0	0	0	0	2
673f3abad1d7dd817126b2b6	Vídeo del grupo operativo APWaste, degradación de agroplásticos mediante insectos y microorganismos	es	es	it	19	10	7	20	0	56	8	7	1	0	5	5	0	6	0	8	0.0	True	https://eu-cap-network.ec.europa.eu/projects/single-use-agroplastics-agric-soils-and-its-natural-environments-valorization-apwaste-bio_en	False		Invalid DOI format; Low content depth (<250 tokens); Subtitle missing; CV inconsistencies: Unknown intended_purposes: communication, dissemination	Video	"[""Documentary video""]"	"[""Degradación"",""plástico"",""microorganismo"",""insecto"",""envase"",""economía circular"",""plastic"",""degradation"",""insect"",""package"",""microorganism"",""circular economy"",""waste""]"	"[""Environment"",""Economics"",""Society"",""Crop farming""]"	"[""Productivity"",""Energy management"",""Climate"",""Agricultural productivity"",""Rural conditions"",""Residues""]"	False	0.0	False	False	False	1	2	1	ok	True	1	es	True	99	11	True	0	0	True	554	83	True	18	3	False	13	False	True	True	0	0	0	0	0	0	2
673f3d403d6dd1ddb0f864d9	Vídeo del proyecto del GO AGUACAVALUE, revalorización de los subproductos del aguacate para otros usos alternativos	es	es	it	19	10	7	20	2	56	8	7	1	0	5	5	0	6	0	8	0.0	True	https://eu-cap-network.ec.europa.eu/projects/aguacavalue-valorization-avocado-products-animal-nutrition-nutraceuticals-and_en	False		Invalid DOI format; Low content depth (<250 tokens); Subtitle missing; CV inconsistencies: Unknown intended_purposes: communication, dissemination	Video	"[""Documentary video""]"	"[""Subproductos"",""aguacate"",""economía circular"",""sostenibilidad"",""bioeconomy"",""sustainability"",""subproducts"",""avocado""]"	"[""Environment"",""Economics"",""Crop farming"",""Society""]"	"[""Productivity"",""Fertilization"",""Residues"",""Food quality"",""Climate"",""Energy management""]"	False	0.0	False	False	False	1	2	1	ok	True	1	es	True	115	16	True	0	0	True	708	96	True	18	3	False	8	True	True	True	0	0	0	0	0	0	2
673f48d7026829d6bab4c9e5	Vídeo del Grupo Operativo VITINNAT, soluciones innovadoras y sostenibles sobre las enfermedades en la viña	en	en	it	24	10	7	20	0	61	8	12	1	0	5	5	0	6	0	8	0.0	True	https://eu-cap-network.ec.europa.eu/projects/vitinnat-operational-group-innovative-and-sustainable-natural-solutions-wine-making-sector_en	False		Invalid DOI format; Low content depth (<250 tokens); Subtitle missing; Language mismatch (declared=es, detected=en); CV inconsistencies: Unknown intended_purposes: communication, dissemination	Video	"[""Documentary video""]"	"[""wood diseases"",""wine"",""circular economy"",""byproduct"",""diseases"",""vineyard"",""production"",""quality""]"	"[""Crop farming"",""Economics"",""Society"",""Environment""]"	"[""Agricultural productivity"",""Productivity"",""Food quality"",""Residues"",""Energy management"",""Climate""]"	False	0.0	False	False	False	1	2	1	ok	True	1	es	False	106	14	True	0	0	True	670	98	True	18	3	False	8	True	True	True	0	0	0	0	0	0	2
674039ae026829d6bab53825	Vídeo del Grupo Operativo SUBALMA, herramientas innovadoras para aprovechar el subproducto líquido de las almazaras como fertilizante a través del riego de precisión en los olivares	en	en	it	21	10	8	20	0	59	5	10	3	0	5	5	0	6	0	8	0.0	True	https://eu-cap-network.ec.europa.eu/projects/productivity-improvement-and-sustainability-subsurface-drip-irrigation-systems-using-oil_en	False		Invalid DOI format; Low content depth (<250 tokens); Subtitle missing; Language mismatch (declared=es, detected=en); CV inconsistencies: Unknown intended_purposes: communication, dissemination	Video	"[""Documentary video""]"	"[""fertiliser"",""drip irrigation"",""climate change"",""oil"",""byproduct"",""olive tree"",""fertilisation"",""irrigation"",""knowledge transfer"",""bioeconomy"",""sustainability""]"	"[""Economics"",""Environment"",""Crop farming""]"	"[""Productivity"",""Climate"",""Energy management"",""Biodiversity"",""Fertilization"",""Agricultural productivity"",""Residues""]"	False	0.0	False	False	False	1	2	1	ok	True	1	es	False	181	25	False	0	0	True	371	53	True	18	3	False	11	True	True	True	0	0	0	0	0	0	2
673f46dcf4eb35c83086da43	Vídeo del Grupo Operativo INNOWATER para modernizar el regadío en árboles frutales mediante nuevas tecnologías	en	en	it	22	10	7	20	0	59	8	10	1	0	5	5	0	6	0	8	0.0	True	https://eu-cap-network.ec.europa.eu/projects/improvement-water-and-energy-use-modernized-irrigation-fruit-trees-go-innowater_en	False		Invalid DOI format; Low content depth (<250 tokens); Subtitle missing; Language mismatch (declared=es, detected=en); CV inconsistencies: Unknown intended_purposes: communication, dissemination	Video	"[""Documentary video""]"	"[""Irrigation"",""energy use"",""water"",""sustainability"",""digitalisation"",""energy"",""production"",""agrifood cooperatives"",""monitoring""]"	"[""Crop farming"",""Society"",""Environment"",""Economics""]"	"[""Productivity"",""Digital technology"",""Agricultural productivity"",""Farm equipment"",""Climate"",""Energy management"",""Biodiversity"",""Rural conditions""]"	False	0.0	False	False	False	1	2	1	ok	True	1	es	False	110	15	True	0	0	True	575	87	True	18	3	False	9	True	True	True	0	0	0	0	0	0	2
67403afe026829d6bab538d3	Vídeo del proyecto del GO SMARTOM Plataforma integral para el cultivo del tomate de industria	es	es	it	19	10	7	20	2	56	8	7	1	0	5	5	0	6	0	8	0.0	True	https://eu-cap-network.ec.europa.eu/projects/smartom-operational-group-project-development-integral-and-managerial-platform-tomato_en	False		Invalid DOI format; Low content depth (<250 tokens); Subtitle missing; CV inconsistencies: Unknown intended_purposes: communication, dissemination, support decisionmaking and strategic planning	Video	"[""Documentary video"",""Educational/training video"",""Product/feature review video""]"	"[""tomato crops"",""tomato industry cultivation"",""agrochemicals"",""hyperspectral technology"",""algorithms"",""DATS"",""fertilsation"",""irrigation""]"	"[""Crop farming"",""Economics"",""Environment"",""Society""]"	"[""Productivity"",""Digital technology"",""Climate"",""Energy management"",""Diversification"",""Agricultural productivity"",""Food quality"",""Fertilization""]"	False	0.0	False	False	False	1	3	1	ok	True	3	es	True	93	15	True	0	0	True	554	84	True	18	3	False	8	True	True	True	0	0	0	0	0	0	3
673f3ef43d6dd1ddb0f865f7	Vídeo del Grupo Operativo INNOEXTRACT, protocolos innovadores para la obtención de compuestos derivados de los subproductos agrarios	es	es	it	19	10	7	20	0	56	8	7	1	0	5	5	0	6	0	8	0.0	True	https://eu-cap-network.ec.europa.eu/projects/new-innovative-protocols-obtain-interesting-compounds-agrofood-subproducts-innoextract_en	False		Invalid DOI format; Low content depth (<250 tokens); Subtitle missing; CV inconsistencies: Unknown intended_purposes: communication, dissemination	Video	"[""Documentary video""]"	"[""Subproducto"",""extracción"",""disolvente orgánico"",""waste"",""subproduct"",""extraction"",""innovation"",""bioeconomy"",""protocol""]"	"[""Crop farming"",""Environment"",""Economics""]"	"[""Productivity"",""Climate"",""Diversification"",""Residues""]"	False	0.0	False	False	False	1	2	1	ok	True	1	es	True	132	17	True	0	0	True	428	55	True	18	3	False	9	True	True	True	0	0	0	0	0	0	2
67f9642845a74991cb294f04	Mesa de la propiedad, creación del GO PROMINIFUN	es	es	it	21	10	8	20	2	59	8	7	3	0	5	5	0	6	0	8	0.0	True	https://minifundio.es/	False		Invalid DOI format; Low content depth (<250 tokens); Subtitle missing; CV inconsistencies: Unknown license: CC BYNCSA | Unknown intended_purposes: communication, dissemination, experimentation	Image	"[""Infographic""]"	"[""mesa propiedad"",""órgano consultivo"",""participación pública"",""propiedad"",""suelo rústico"",""acciones"",""gestión forestal sostenible"",""territorio"",""agroforestal"",""digitalización"",""innovación"",""cooperación"",""divulgación"",""asociaciones""]"	"[""Forestry"",""Society"",""Economics""]"	"[""Training"",""Diversification"",""Rural conditions"",""Social innovation"",""Land management"",""Digital technology""]"	False	0.0	False	False	False	1	4	1	ok	True	1	es	True	48	8	True	0	0	True	329	47	True	18	3	False	14	False	True	False	0	0	0	0	0	0	3
67fcad8045a74991cb298be9	Estructura de la propiedad rústica en España	es	es	it	21	10	8	20	0	59	8	7	3	0	5	5	0	6	0	8	0.0	True	https://minifundio.es/	False		Invalid DOI format; Low content depth (<250 tokens); Subtitle missing; CV inconsistencies: Unknown license: CC BYNCSA | Unknown intended_purposes: communication, dissemination, support decisionmaking and strategic planning	Image	"[""Infographic""]"	"[""medio rural"",""propiedad"",""productividad"",""minifundismo"",""rentabilidad"",""abandono rural"",""migración"",""reto demográfico"",""combustible"",""incendios forestales"",""parcela rústica""]"	"[""Society"",""Economics"",""Forestry""]"	"[""Training"",""Productivity"",""Digital technology"",""Diversification"",""Biodiversity"",""Climate"",""Land management"",""Rural conditions""]"	False	0.0	False	False	False	1	3	1	ok	True	1	es	True	44	7	True	0	0	True	590	93	True	18	3	False	11	True	True	False	0	0	0	0	0	0	3
67b0a57b893e5fff4f01e2cb	Infografía con el estado actual de los Espacios Test Agrarios en España, GO RETA	es	es	es	19	10	7	16	2	52	8	7	1	2	5	3	0	6	0	8	0.0	True	https://espaciostestagrarios.org/	False		Invalid DOI format; Low content depth (<250 tokens); Subtitle missing; CV inconsistencies: Unknown intended_purposes: communication, dissemination	Image	"[""Infographic""]"	"[""espacios test agrarios"",""AKIS"",""innovación social"",""emprendimiento"",""jóvenes"",""mapa"",""relevo generacional""]"	"[""Forestry"",""Crop farming"",""Livestock"",""Society"",""Economics"",""Environment""]"	"[""Agroecology"",""Organic agriculture"",""Climate"",""Rural conditions"",""Social innovation""]"	False	0.0	False	False	False	1	2	1	ok	True	1	es	True	80	14	True	0	0	True	351	54	True	1330	169	True	7	True	True	True	0	0	0	0	0	0	2
67779840b191c0a36e02144a	Infografía del Grupo Operativo Fitoscerezo, disponibilidad de fitosanitarios y estrategias de control integrado en cerezo	es	es	it	19	10	7	20	2	56	8	7	1	0	5	5	0	6	0	8	0.0	True	https://eu-cap-network.ec.europa.eu/projects/fitoscerezo-operational-group-phytosanitary-products-availability-and-integrated-control_en	False		Invalid DOI format; Low content depth (<250 tokens); Subtitle missing; CV inconsistencies: Unknown intended_purposes: communication, dissemination	Image	"[""Infographic""]"	"[""cherry tree"",""pests"",""diseases"",""phytosanitary"",""environment""]"	"[""Crop farming"",""Environment"",""Economics""]"	"[""Pest control"",""Climate""]"	False	0.0	False	False	False	1	2	1	ok	True	1	es	True	121	14	True	0	0	True	442	61	True	18	3	False	5	True	True	True	0	0	0	0	0	0	2
67fa1ddde1bd15b86caedbcd	Modelización para ver la aptitud de las especies arbóreas en determinados lugares del territorio	es	es	it	23	10	8	20	2	61	8	9	3	0	5	5	0	6	0	8	0.0	True	https://minifundio.es/	False		Invalid DOI format; Low content depth (<250 tokens); Subtitle missing; CV inconsistencies: Unknown license: CC BYNCSA | Unknown intended_purposes: communication, dissemination, modelling, support decisionmaking and strategic planning	Image	"[""Infographic""]"	"[""especies"",""árboles"",""modelización"",""modelos aptitud"",""ecología"",""algoritmos"",""sistemas de información geográfica"",""predicción conjunta"",""Pinus pinaster"",""Pinus halepensis"",""Pinus pinea"",""Castanea sativa"",""Eucalyptus globulus"",""Populus x euramericana""]"	"[""Environment"",""Forestry"",""Economics"",""Society""]"	"[""Agroecology"",""Productivity"",""Digital technology"",""Rural conditions"",""Land management"",""Climate"",""Crop production"",""Biodiversity""]"	False	0.0	False	False	False	1	5	1	ok	True	1	es	True	96	14	True	0	0	True	311	46	True	18	3	False	14	False	True	False	0	0	0	0	0	0	4
67ab8133105c91a57da6bad7	La Red de Espacios Test Agrarios (RETA): una apuesta por el relevo generacional	es	es	es	19	12	4	17	2	52	8	7	1	8	3	1	0	3	3	8	0.0	True	https://espaciostestagrarios.org/	False		Invalid DOI format; Subtitle missing; CV inconsistencies: Unknown intended_purposes: communication, dissemination	Image	"[""Infographic""]"	"[""red"",""espacios test agrarios"",""relevo generacional"",""jóvenes"",""AKIS"",""innovación social"",""emprendimiento"",""dinamización"",""desarrollo rural""]"	"[""Forestry"",""Crop farming"",""Livestock"",""Society""]"	"[""Training"",""Land management"",""Social innovation"",""Rural conditions"",""Productivity""]"	False	0.0	False	False	False	1	2	1	ok	True	1	es	True	79	13	True	0	0	True	1350	198	False	8952	1289	True	9	True	True	True	0	0	0	0	0	0	2
67f4d1a75585dd607261133b	Gráfico explicativo del proyecto innovador del GO SMARTOM	es	es	it	19	10	7	20	0	56	8	7	1	0	5	5	0	6	0	8	0.0	True	https://eu-cap-network.ec.europa.eu/projects/smartom-operational-group-project-development-integral-and-managerial-platform-tomato_en	False		Invalid DOI format; Low content depth (<250 tokens); Subtitle missing; CV inconsistencies: Unknown intended_purposes: communication, dissemination, support decisionmaking and strategic planning	Image	"[""Static figure/image""]"	"[""tomate"",""digitalización"",""drones"",""plataforma digital"",""riego"",""agua"",""regadío"",""agricultura precisión"",""fertilizante"",""pesticida"",""tiempo real"",""cámaras"",""sensores"",""monitorización"",""logística"",""maduración"",""suelo"",""business intelligence""]"	"[""Crop farming"",""Economics"",""Environment""]"	"[""Pest control"",""Fertilization"",""Crop production"",""Residues"",""Climate"",""Farm equipment"",""Digital technology"",""Soil management""]"	False	0.0	False	False	False	1	3	1	ok	True	1	es	True	57	8	True	0	0	True	636	99	True	18	3	False	18	False	True	True	0	0	0	0	0	0	3
67f6b8d0e1bd15b86cae98fc	Infografía del GO PROMINIFUN, objetivo general del proyecto innovador sobre el minifundio	es	es	it	19	10	7	20	2	56	8	7	1	0	5	5	0	6	0	8	0.0	True	https://minifundio.es/	False		Invalid DOI format; Low content depth (<250 tokens); Subtitle missing; CV inconsistencies: Unknown license: CC BYNCSA | Unknown intended_purposes: communication, dissemination	Image	"[""Infographic""]"	"[""minifundio"",""desarrollo rural"",""territorio"",""abandono"",""productividad"",""gestión forestal"",""innovación"",""AKIS""]"	"[""Economics"",""Society"",""Forestry""]"	"[""Training"",""Productivity"",""Social innovation"",""Rural conditions"",""Digital technology"",""Land management"",""Climate""]"	False	0.0	False	False	False	1	2	1	ok	True	1	es	True	89	12	True	0	0	True	619	92	True	18	3	False	8	True	True	False	0	0	0	0	0	0	2
67f90766e1bd15b86caec234	Infografía con los principales actores del rastro/rostro de la tierra,	es	es	it	21	10	5	20	2	56	8	7	3	0	5	5	0	3	3	8	0.0	True	https://minifundio.es/	False		Invalid DOI format; Low content depth (<250 tokens); Subtitle missing; CV inconsistencies: Unknown license: CC BYNCSA | Unknown intended_purposes: communication, dissemination, support decisionmaking and strategic planning	Image	"[""Infographic""]"	"[""minifundio"",""testimonios"",""historias"",""personas"",""bosques"",""monte"",""innovación"",""documental""]"	"[""Forestry"",""Economics"",""Environment""]"	"[""Training"",""Digital technology"",""Diversification"",""Social innovation"",""Biodiversity"",""Climate"",""Land management""]"	False	0.0	False	False	False	1	3	1	ok	True	1	es	True	70	10	True	0	0	True	305	50	True	18	3	False	8	True	True	False	0	0	0	0	0	0	3
67e3f8840d15cf76679d560b	Cena marinada con trufa negra en Casa Silvano, Grupo Operativo Tuber Label	es	es	it	21	10	8	20	2	59	8	7	3	0	5	5	0	6	0	8	0.0	True	https://tuberlabel.es/	False		Invalid DOI format; Low content depth (<250 tokens); Subtitle missing; CV inconsistencies: Unknown license: CC BYNCSA | Unknown intended_purposes: communication, experimentation	Image	"[""Static figure/image""]"	"[""trufa negra"",""Tuber melanosporum"",""cenas marinadas"",""gastronomía"",""valor añadido"",""calidad diferenciada"",""demostración"",""AKIS"",""ingrediente diferencial""]"	"[""Forestry"",""Economics"",""Society""]"	"[""Training"",""Food quality"",""Productivity"",""Diversification""]"	False	0.0	False	False	False	1	2	1	ok	True	1	es	True	74	12	True	0	0	True	395	62	True	18	3	False	9	True	True	False	0	0	0	0	0	0	2
67ae36d3893e5fff4ffce0db	¿Cómo afrontamos los costes energéticos en el sector avícola?	es	es	es	19	15	7	16	4	57	8	7	1	8	5	2	0	6	0	8	0.0	True	https://eu-cap-network.ec.europa.eu/projects/avienergy-waste-resource-circular-economy-poultry-sector-through-energy-use-defecations_en	False		Invalid DOI format; Subtitle missing; CV inconsistencies: Unknown intended_purposes: communication, dissemination, support decisionmaking and strategic planning	Image	"[""Infographic""]"	"[""energía"",""sector avícola"",""calefacción"",""deyecciones"",""costes de producción"",""medio ambiente"",""economía circular"",""bioeconomía circular""]"	"[""Environment"",""Economics"",""Livestock""]"	"[""Energy management"",""Climate"",""Fertilization"",""Residues""]"	False	0.0	False	False	False	1	3	1	ok	True	1	es	True	61	9	True	0	0	True	1136	175	False	7411	1072	True	8	True	True	True	0	0	0	0	0	0	3
67e3bd1d213290a3beedf3db	Panel informativo sobre especies de trufas en la cocina, continuación	es	es	it	21	10	8	20	4	59	8	7	3	0	5	5	0	6	0	8	0.0	True	https://tuberlabel.es/	False		Invalid DOI format; Low content depth (<250 tokens); Subtitle missing; CV inconsistencies: Unknown license: CC BYNCSA | Unknown intended_purposes: communication, dissemination	Image	"[""Infographic"",""Static figure/image""]"	"[""trufa negra"",""Tuber melanosporum"",""trufa china"",""Tuber indicum"",""características físicas"",""calidad alimentaria"",""gastronomía"",""propiedades"",""color"",""olor"",""sabor"",""valor"",""época""]"	"[""Forestry"",""Society"",""Economics""]"	"[""Productivity"",""Agricultural productivity"",""Food quality"",""Crop production""]"	False	0.0	False	False	False	1	2	1	ok	True	2	es	True	69	10	True	0	0	True	385	55	True	18	3	False	13	False	True	False	0	0	0	0	0	0	2
67e3f6413ecd19d1b31f405d	Menú 1 de la cena marinada con trufa negra del GO Tuber Label	es	es	it	21	10	8	20	4	59	8	7	3	0	5	5	0	6	0	8	0.0	True	https://tuberlabel.es/	False		Invalid DOI format; Low content depth (<250 tokens); Subtitle missing; CV inconsistencies: Unknown license: CC BYNCSA | Unknown intended_purposes: communication, experimentation	Image	"[""Static figure/image""]"	"[""calidad"",""sabor"",""aroma"",""trufa negra"",""Tuber melanosporum"",""cenas marinadas"",""demostración"",""AKIS"",""innovación""]"	"[""Forestry"",""Economics"",""Society""]"	"[""Training"",""Productivity"",""Food quality"",""Agricultural productivity""]"	False	0.0	False	False	False	1	2	1	ok	True	1	es	True	61	12	True	0	0	True	306	48	True	18	3	False	9	True	True	False	0	0	0	0	0	0	2
67d6ff8aee549c7cd2f70f3c	GO WOODEX, País Vasco: Ensayos de variabilidad dimensional con madera de Pinus radiata	es	es	es	21	10	7	20	0	58	8	9	1	0	5	5	0	6	0	8	0.0	True	https://eu-cap-network.ec.europa.eu/projects/woodex-development-pinus-radiata-products-outdoor-space-equipment_en	False		Invalid DOI format; Low content depth (<250 tokens); Subtitle missing; CV inconsistencies: Unknown intended_purposes: experimentation	Image	"[""Infographic""]"	"[""madera"",""ensayos"",""propiedades"",""Pinus radiata"",""defectos"",""calidad"",""dimensiones"",""industria"",""tratamientos"",""térmico""]"	"[""Forestry"",""Economics""]"	"[""Farm equipment"",""Productivity"",""Agricultural productivity""]"	False	0.0	False	False	False	1	1	1	ok	True	1	es	True	86	13	True	0	0	True	833	133	True	161	24	False	10	True	True	True	0	0	0	0	0	0	1
67e3cabc748a6c58a9b485de	Panel informativo sobre las actividades divulgativas promovidas por el Grupo Operativo Tuber Label	es	es	it	21	10	8	20	2	59	8	7	3	0	5	5	0	6	0	8	0.0	True	https://tuberlabel.es/	False		Invalid DOI format; Low content depth (<250 tokens); Subtitle missing; CV inconsistencies: Unknown license: CC BYNCSA | Unknown intended_purposes: communication, dissemination	Image	"[""Static figure/image"",""Infographic""]"	"[""grupo operativo"",""trufa negra"",""Tuber melanosporum"",""paneles cata"",""criterios calidad"",""mercado trufa negra"",""perfil consumidor"",""encuestas"",""mercados piloto"",""certificación smart label"",""certificación PEFC"",""certificación ecológica"",""organic"",""cocina"",""concurso"",""campaña gastronómica"",""cenas marinadas"",""trufiturismo"",""seminarios"",""web"",""boletín""]"	"[""Economics"",""Society"",""Forestry""]"	"[""Training"",""Agroecology"",""Productivity"",""Organic agriculture"",""Diversification"",""Food quality""]"	False	0.0	False	False	False	1	2	1	ok	True	2	es	True	98	13	True	0	0	True	688	103	True	18	3	False	21	False	True	False	0	0	0	0	0	0	2
673f1fd13f8a976023486d2e	ClearFarm Codesigned Welfare Monitoring Platform for Pig and Dairy Cattle	en	en	en	26	9	5	20	2	60	8	10	3	0	5	4	0	3	3	8	0.0	True	https://www.clearfarm.eu/	True		Low content depth (<250 tokens); Subtitle missing; Language mismatch (declared=es, detected=en); CV inconsistencies: Unknown intended_purposes: communication, dissemination, modelling, support decisionmaking and strategic planning	Image	"[""Chart/graph"",""Static figure/image""]"	"[""Animal welfare"",""dairy cattle"",""pig"",""monitoring"",""realtime data"",""production chain"",""precision"",""livestock"",""farming"",""life cycle""]"	"[""Livestock"",""Economics"",""Society"",""Environment""]"	"[""Social innovation"",""Animal husbandry"",""Diversification"",""Productivity"",""Digital technology""]"	False	0.0	False	False	False	1	4	2	ok	True	2	es	False	73	10	True	0	0	True	444	65	True	54	5	False	10	True	True	True	0	0	0	0	0	0	4
67f6bd52e1bd15b86cae9928	Infografía sobre el GO PROMINIFUN, analizando el caso de estudio sobre la regresión de la productividad en el territorio	es	es	it	18	10	8	20	2	56	5	7	3	0	5	5	0	6	0	8	0.0	True	https://minifundio.es/	False		Invalid DOI format; Low content depth (<250 tokens); Subtitle missing; CV inconsistencies: Unknown license: CC BYNCSA | Unknown intended_purposes: communication, dissemination	Image	"[""Infographic""]"	"[""minifundio"",""cambio poblacional"",""cambio usos"",""usos territorio"",""medio rural"",""falta gestión"",""abandono"",""desarrollo rural"",""productividad"",""modelos gestión"",""tecnología"",""normativa"",""propiedad"",""crecimiento vegetación"",""combustible"",""riesgo"",""incendio forestal""]"	"[""Economics"",""Society"",""Environment"",""Forestry""]"	"[""Training"",""Digital technology"",""Social innovation"",""Biodiversity"",""Climate"",""Land management"",""Rural conditions"",""Diversification""]"	False	0.0	False	False	False	1	2	1	ok	True	1	es	True	120	19	False	0	0	True	589	84	True	18	3	False	17	False	True	False	0	0	0	0	0	0	2
6895947599d6cb1e864d5f63	Bosque Modelo Palencia y el grupo operativo FungiGO buscan un modelo de negocio inclusivo basado en las setas	es	es	es	12	12	7	18	2	49	8	0	1	4	5	3	0	6	0	8	0.0	True	https://eu-cap-network.ec.europa.eu/projects/smart-mycological-park-project-promote-inclusive-and-sustainable-rural-development-through_en#native=true	False		Invalid DOI format; Subtitle missing; CV inconsistencies: Unknown intended_purposes: communication, dissemination	Image	"[""Infographic""]"	"[""forestal"",""setas"",""micología"",""desarrollo rural"",""bosque modelo"",""inclusión social""]"	"[""Forestry"",""Society"",""Economics""]"	"[""Training"",""Productivity"",""Diversification"",""Food quality"",""Social innovation""]"	False	0.0	False	False	False	1	2	1	ok	True	1	es	True	109	17	True	0	0	True	274	38	False	1745	252	True	6	True	True	True	0	0	0	0	0	0	2
67e3260f7caa9250f5fb3e0b	Panel informativo sobre el perfil del consumidor de trufa negra	es	es	it	24	10	11	20	2	65	8	7	6	0	5	5	0	6	0	8	0.0	True	https://tuberlabel.es/	False		Invalid DOI format; Low content depth (<250 tokens); Subtitle missing; CV inconsistencies: Unknown license: CC BYNCSA | Unknown intended_purposes: communication, dissemination	Image	"[""Infographic"",""Static figure/image""]"	"[""trufa negra"",""Tuber melanosporum"",""perfil tipo"",""consumidor"",""edad"",""renta"",""consumo anual"",""lugares de consumo"",""lugares de compra"",""tipo productos elaborados"",""gasto anual""]"	"[""Forestry"",""Society"",""Economics""]"	"[""Food quality"",""Productivity"",""Diversification"",""Agricultural productivity""]"	False	0.0	False	False	False	1	2	1	ok	True	2	es	True	63	10	True	0	0	True	256	44	True	18	3	False	11	True	True	False	0	0	0	0	0	0	2
67fa2290e1bd15b86caedc4d	Iniciativas del GO PROMINIFUN para aumentar el valor de la propiedad forestal	es	es	it	19	10	7	20	4	56	8	7	1	0	5	5	0	6	0	8	0.0	True	https://minifundio.es/	False		Invalid DOI format; Low content depth (<250 tokens); Subtitle missing; CV inconsistencies: Unknown license: CC BYNCSA | Unknown intended_purposes: communication, dissemination, experimentation, support decisionmaking and strategic planning	Image	"[""Infographic""]"	"[""digitalización"",""minifundio"",""valor"",""propiedad"",""suelo rústico"",""DATS"",""herramientas digitales"",""plataforma digital"",""paisaje"",""normativa"",""convenios""]"	"[""Economics"",""Forestry""]"	"[""Social innovation"",""Climate"",""Rural conditions"",""Agricultural productivity"",""Digital technology"",""Land management""]"	False	0.0	False	False	False	1	4	1	ok	True	1	es	True	77	12	True	0	0	True	323	46	True	18	3	False	11	True	True	False	0	0	0	0	0	0	4
67d2dda7485e107c290ed8b5	Teeltfiche gele mosterd	nl	nl	it	13	10	4	20	0	47	5	7	1	0	5	5	0	3	3	8	0.0	False		False		Low content depth (<250 tokens); Subtitle missing; CV inconsistencies: Unknown intended_purposes: communication, dissemination	Document	"[""Factsheet"",""Report/paper""]"	"[""yellow mustard"",""cultivation"",""growth requirements""]"	"[""Economics"",""Crop farming"",""Environment""]"	"[""Crop rotation"",""Agricultural productivity"",""Biodiversity""]"	False	0.0	False	False	False	1	2	1	ok	True	2	nl	True	23	3	False	0	0	True	314	52	True	18	3	False	3	False	True	True	0	0	0	0	0	0	2
683f047ee3352e0916cd188a	Naar een waarschuwingssysteem 2.0 in prei en kolen	nl	nl	nl	12	15	7	20	0	54	8	0	1	8	5	2	0	6	0	8	0.0	True	https://eu-cap-network.ec.europa.eu/projects/monitoring-and-warning-system-leek-and-brassica-20_en	False		Invalid DOI format; Subtitle missing; CV inconsistencies: Unknown intended_purposes: communication	Document	"[""Journal article""]"	"[""IPM"",""warning system"",""crop farming"",""environment"",""waarschuwingssytemen; prei; kolen; waarnemingssysteem""]"	"[""Crop farming"",""Environment""]"	"[""Crop production"",""Productivity"",""Land management""]"	False	0.0	False	False	False	1	1	1	ok	True	1	nl	True	50	8	True	0	0	True	250	39	False	5984	883	True	5	True	True	True	0	0	0	0	0	0	1
687041d0daff72a695637497	TweespanLokale bioeiwitketen vanuit Tweespan BiogranoLa Vie est Belle	nl	nl	nl	18	11	2	20	2	51	8	7	3	2	5	4	0	0	6	8	0.0	False		False		Invalid DOI format; Low content depth (<250 tokens); Subtitle missing; CV inconsistencies: Unknown intended_purposes: communication, dissemination, experimentation, modelling	Document	"[""Practice abstract""]"	"[""Duurzame samenwerking"",""F2B (farmer to business)"",""Eiwithoudende gewassen"",""Lokale voedselverwerking"",""Biologisch product"",""Innovatie in voedselindustrie"",""Lokale foodservice bedrijven""]"	"[""Crop farming""]"	"[""Organic agriculture"",""Biomass production"",""Agroecology"",""Diversification"",""Crop production""]"	False	0.0	False	False	False	1	4	1	ok	True	1	nl	True	69	8	True	0	0	True	587	80	True	915	125	True	7	True	True	True	0	0	0	0	0	0	4
67d2dbe1485e107c290ed893	Rendabiliteitsanalyse gele mosterd	nl	nl	it	6	10	4	20	2	40	5	0	1	0	5	5	0	3	3	8	0.0	False		False		Low content depth (<250 tokens); Subtitle missing; CV inconsistencies: Unknown intended_purposes: communication, dissemination	Document	"[""Report/paper"",""Factsheet""]"	"[""Profitability"",""Yellow mustard"",""cultivation costs"",""Crop yield"",""Economic analysis""]"	"[""Economics"",""Environment"",""Crop farming""]"	"[""Productivity"",""Crop rotation"",""Diversification"",""Biodiversity"",""Agricultural productivity""]"	False	0.0	False	False	False	1	2	1	ok	True	2	nl	True	34	3	False	0	0	True	151	26	False	18	3	False	5	True	True	True	0	0	0	0	0	0	2
68703fe38811632f7cf20309	NH3 Optimaal: Verbeteren van het saldo bij gelijke ammoniak belasting	nl	nl	nl	18	10	1	20	2	49	8	9	1	2	5	3	0	0	6	8	0.0	False		False		Invalid DOI format; Low content depth (<250 tokens); Subtitle missing; CV inconsistencies: Unknown intended_purposes: evaluation, modelling, support decisionmaking and strategic planning	Document	"[""Practice abstract""]"	"[""Bedrijfssaldo"",""Melkveebedrijven"",""Ammoniakemissie"",""Kengetal \\""saldo per kg NH3"",""Benchmarkingtool"",""KPIsysteem"",""Economische keuzes"",""NH3 vraagstuk"",""Economische veerkracht"",""Ammoniakbelasting""]"	"[""Livestock""]"	"[""Diversification"",""Farm equipment"",""Organic agriculture"",""Training"",""Agricultural productivity""]"	False	0.0	False	False	False	1	4	1	ok	True	1	nl	True	69	10	True	0	0	True	951	128	True	1484	205	True	10	True	True	True	0	0	0	0	0	0	3
67812981639b54b77498f8b3	Waterketen	af	af	nl	11	16	7	20	0	54	5	0	1	10	5	1	0	6	0	8	0.0	True	https://www.nutri2cycle.eu/	True		Subtitle missing; Language mismatch (declared=nl, detected=af); CV inconsistencies: Unknown license: CC BYNC | Unknown intended_purposes: communication, dissemination	Document	"[""Brochure""]"	"[""waste water"",""water quality"",""reuse wastewater"",""irrigation water""]"	"[""Environment""]"	"[""Rural conditions"",""Residues"",""Soil management""]"	False	0.0	False	False	False	1	2	1	ok	True	1	nl	False	10	1	False	0	0	True	218	26	False	16927	2217	True	4	True	True	False	0	0	0	0	0	0	2
65f8134d2510a16ec2047dd0	OG RENURE: Agronomic performance of manurederived ammonium salts as RENURE fertilisers	en	en	nl	24	16	7	19	0	66	8	10	1	10	5	1	0	6	0	8	0.0	True	https://www.nutri-know.eu	True		Subtitle missing; Language mismatch (declared=nl, detected=en); CV inconsistencies: Unknown intended_purposes: dissemination, support decisionmaking and strategic planning	Document	"[""Practice abstract"",""Technical/technology article"",""Guide""]"	"[""processing technologies"",""fertiliser production"",""application"",""stripping and scrubbing""]"	"[""Environment"",""Livestock"",""Crop farming""]"	"[""Agroecology"",""Fertilization"",""Crop production""]"	False	0.0	False	False	False	1	2	2	ok	True	3	nl	False	86	11	True	0	0	True	667	91	True	11992	1694	True	4	True	True	True	0	0	0	0	0	0	2
684febf4f04c3dd10fa46abd	Fruitful collaboration on your farm	en	en	nl	12	12	7	20	0	51	8	0	1	10	2	0	0	6	0	8	0.0	True	https://eu-cap-network.ec.europa.eu/projects/organic-collaboration-learning-network-internal-collaboration-short-chain-organic-farms_en	False		Invalid DOI format; Subtitle missing; Language mismatch (declared=nl, detected=en); CV inconsistencies: Unknown intended_purposes: dissemination	Document	"[""Brochure""]"	"[""samenwerken"",""boerderij"",""bedrijfsontwikkeling""]"	"[""Crop farming"",""Society""]"	"[""Agricultural productivity""]"	False	0.0	False	False	False	1	1	1	ok	True	1	nl	False	35	5	True	0	0	True	113	14	False	101755	15213	False	3	False	True	True	0	0	0	0	0	0	1
68703fd4daff72a695637410	Variabele aardappelpoten voor hogere opbrengst en pootgoedkost	nl	nl	nl	21	12	1	20	2	54	8	9	1	4	5	3	0	0	6	8	0.0	True	https://eu-cap-network.ec.europa.eu/projects/variable-planting-distances-potatoes_en	False		Invalid DOI format; Subtitle missing; CV inconsistencies: Unknown intended_purposes: experimentation, support decisionmaking and strategic planning	Document	"[""Practice abstract""]"	"[""Variabel poten"",""Plantafstand"",""Rijpaden"",""Opbrengst"",""Aardappelen"",""Densiteit"",""Groeiseizoen"",""Pootafstand"",""Rassen"",""Nutriënten""]"	"[""Crop farming""]"	"[""Crop rotation"",""Crop production"",""Soil management"",""Farm equipment"",""Rural conditions""]"	False	0.0	False	False	False	1	3	1	ok	True	1	nl	True	62	7	True	0	0	True	832	117	True	2189	335	True	10	True	True	True	0	0	0	0	0	0	2
66018e0c1835ca2c51a1acc8	OG_Pocketboer II: Nieuwsartikels	en	en	nl	11	13	7	20	0	51	5	0	1	6	5	2	0	6	0	8	0.0	True	https://www.nutri-know.eu	True		Subtitle missing; Language mismatch (declared=nl, detected=en); CV inconsistencies: Unknown intended_purposes: communication, dissemination	Document	"[""Journal article"",""Press release""]"	"[""processing technologies"",""anaerobic digestion"",""pocket digestion"",""biogas""]"	"[""Society"",""Livestock"",""Environment""]"	"[""Farm equipment"",""Diversification"",""Energy management""]"	False	0.0	False	False	False	1	2	1	ok	True	2	nl	False	32	3	False	0	0	True	86	12	False	5552	528	True	4	True	True	True	0	0	0	0	0	0	2
67d2ea94e79e26700c197aaa	A2A2 melk, niche of marktopportuniteit?	nl	nl	nl	19	16	7	15	0	57	8	7	1	10	5	1	0	6	0	8	0.0	True	https://eu-cap-network.ec.europa.eu/projects/a2a2-milk-niche-or-market-opportunity_en	False		Invalid DOI format; Subtitle missing; CV inconsistencies: Unknown intended_purposes: communication, dissemination	Document	"[""Review document"",""Report/paper""]"	"[""A2A2 milk"",""Betacasein protein"",""Jersey cows"",""Milk intolarence"",""Lactose intolarence""]"	"[""Livestock"",""Society""]"	"[""Social innovation"",""Food quality""]"	False	0.0	False	False	False	1	2	1	ok	True	2	nl	True	39	5	True	0	0	True	573	79	True	30488	3748	True	5	True	True	True	0	0	0	0	0	0	2
687042b88811632f7cf203ba	StemphystressZwartvruchtrot beheersen = meer dan alleen maar fungicidenbehandelingen?	nl	nl	nl	20	11	2	20	4	53	8	9	3	2	5	4	0	0	6	8	0.0	False		False		Invalid DOI format; Low content depth (<250 tokens); Subtitle missing; CV inconsistencies: Unknown intended_purposes: dissemination, evaluation, experimentation, support decisionmaking and strategic planning	Document	"[""Practice abstract""]"	"[""Zwartvruchtrot beheersingsschema's"",""Telers samenwerking"",""Schadebeperking"",""Rendabiliteit verbetering"",""Stressfactoren perenpercelen"",""Stemphyliumpopulatie gevoeligheid"",""Chemische gewasbeschermingsmiddelen"",""Microbieel evenwicht bodem herstellen""]"	"[""Forestry""]"	"[""Biodiversity"",""Soil management"",""Pest control"",""Agroecology"",""Land management""]"	False	0.0	False	False	False	1	5	1	ok	True	1	nl	True	85	7	True	0	0	True	739	96	True	1067	131	True	8	True	True	True	0	0	0	0	0	0	4
683f0d77ad0aaa69190ba375	Technische fiche van de ISARIA – FRITZMEIER & CROPXPLORER techniek	nl	nl	nl	19	13	7	19	0	58	8	7	1	6	5	2	0	6	0	8	0.0	True	https://eu-cap-network.ec.europa.eu/projects/socrosense-soil-and-crop-sensing-technologies_en	False		Invalid DOI format; Subtitle missing; CV inconsistencies: Unknown intended_purposes: communication	Document	"[""Technical information/specifications card""]"	"[""biomassa"",""stikstofbehoefte"",""kunstmeststrooier"",""veldspuit"",""GPS"",""realtime""]"	"[""Crop farming"",""Environment""]"	"[""Agricultural productivity"",""Farm equipment""]"	False	0.0	False	False	False	1	1	1	ok	True	1	nl	True	66	8	True	0	0	True	368	56	True	4746	669	True	6	True	True	True	0	0	0	0	0	0	1
683efcade3352e0916cd17e1	Procesoptimalisatie bij witloofteelt	nl	nl	nl	19	15	7	20	2	61	5	10	1	10	4	1	0	6	0	8	0.0	True	https://eu-cap-network.ec.europa.eu/projects/lean-love-optimization-cleaning-and-packing-process-chicory_en	False		Invalid DOI format; Subtitle missing; CV inconsistencies: Unknown intended_purposes: communication, dissemination	Document	"[""Handbook""]"	"[""lean; procesoptimalisatie; brown paper;"",""witloof""]"	"[""Environment"",""Economics"",""Society""]"	"[""Diversification"",""Social innovation"",""Productivity""]"	False	0.0	False	False	False	1	2	1	ok	True	1	nl	True	36	3	False	0	0	True	401	66	True	15797	2614	True	2	False	True	True	0	0	0	0	0	0	2
6716a9fdaac3c7a5580d7de9	FERTINNOWA's technologie database!	en	en	nl	8	11	4	20	0	43	5	0	1	4	5	2	0	3	3	8	0.0	False		True		Subtitle missing; Language mismatch (declared=nl, detected=en); CV inconsistencies: Unknown intended_purposes: dissemination	Document	"[""Brochure""]"	"[""database"",""lubrication"",""irrigation"",""environment"",""technologies""]"	"[""Environment""]"	"[""Climate""]"	False	0.0	False	False	False	1	1	1	ok	True	1	nl	False	34	3	False	0	0	True	109	13	False	3133	425	True	5	True	True	True	0	0	0	0	0	0	1
65f976e8137e1cd60be193df	OG_Pocketboer II: Tips & tricks van en voor pocketboeren	en	en	nl	23	16	7	18	0	64	8	9	1	10	5	1	0	6	0	8	0.0	True	https://www.nutri-know.eu	True		Subtitle missing; Language mismatch (declared=nl, detected=en); CV inconsistencies: Unknown intended_purposes: communication, dissemination	Document	"[""Flyer"",""Technical information/specifications card"",""Guide""]"	"[""processing technologies"",""anaerobic digestion"",""pocket digestion"",""biogas""]"	"[""Livestock"",""Economics""]"	"[""Energy management"",""Farm equipment"",""Biomass production"",""Diversification"",""Fertilization""]"	False	0.0	False	False	False	6	2	1	ok	True	3	nl	False	56	8	True	0	0	True	335	52	True	11198	1682	True	4	True	True	True	0	0	0	0	0	0	2
68703e41daff72a695637398	Fijnstofafvang door stadsbomen: effectieve soorten in Vlaamse stedelijke omgevingen	nl	nl	nl	19	12	1	20	2	52	8	7	1	4	5	3	0	0	6	8	0.0	True	https://eu-cap-network.ec.europa.eu/projects/greenair-exchanging-knowledge-healthier-indoor-and-outdoor-air_en	False		Invalid DOI format; Subtitle missing; CV inconsistencies: Unknown intended_purposes: communication, dissemination, evaluation, experimentation	Document	"[""Practice abstract""]"	"[""Verstedelijking in Vlaanderen"",""Stedelijk hitteeilandeffect"",""Luchtverontreiniging"",""Groen in de stad"",""Fijnstofafvang"",""Bladkarakteristieken"",""Depositiesnelheid"",""Bladvorm"",""Effectieve sierheesters/bomen"",""Luchtverontreinigingssamenstelling""]"	"[""Environment""]"	"[""Pest control"",""Crop production"",""Agroecology"",""Energy management"",""Organic agriculture""]"	False	0.0	False	False	False	1	5	1	ok	True	1	nl	True	83	9	True	0	0	True	1264	166	False	2154	274	True	10	True	True	True	0	0	0	0	0	0	4
687041c8daff72a695637495	Implementatie van Controlled Traffic Farming (CTF) op middelgrote biologische boerderijen: een SWOTanalyse en implementatieplan.	nl	nl	nl	23	12	2	20	4	57	8	9	3	4	5	3	0	0	6	8	0.0	True	https://eu-cap-network.ec.europa.eu/projects/controlled-traffic-farming_en	False		Invalid DOI format; Subtitle missing; CV inconsistencies: Unknown intended_purposes: support decisionmaking and strategic planning	Document	"[""Practice abstract""]"	"[""Vaste rijpaden"",""Bodemstructuur"",""Compactie van de bodem"",""CTF (Controlled Traffic Farming)"",""Biologische landbouw"",""Implementatie op boerderijniveau"",""SWOTanalyse"",""CTFimplementatieplan"",""Kennisoverdracht"",""Onderzoek en ontwikkeling""]"	"[""Crop farming""]"	"[""Soil management"",""Rural conditions"",""Farm equipment"",""Agricultural productivity"",""Organic agriculture""]"	False	0.0	False	False	False	1	2	1	ok	True	1	nl	True	128	14	True	0	0	True	1099	134	True	2246	298	True	10	True	True	True	0	0	0	0	0	0	1
68703e328811632f7cf20293	Verbetering van Rassenonderzoek en Vernieuwing in de Fruitteelt	nl	nl	nl	19	10	1	20	2	50	8	7	1	2	5	3	0	0	6	8	0.0	True	https://eu-cap-network.ec.europa.eu/projects/plant-customer_en	False		Invalid DOI format; Low content depth (<250 tokens); Subtitle missing; CV inconsistencies: Unknown intended_purposes: evaluation, experimentation, modelling, support decisionmaking and strategic planning	Document	"[""Practice abstract""]"	"[""Rassenonderzoek"",""Rassenvernieuwing"",""Fruitteelt"",""Markten klantgerichtheid"",""Nichemarkten"",""Commerciële evaluaties"",""Technische evaluaties"",""Transparante communicatie"",""Variëteiten"",""Rendabiliteit""]"	"[""Crop farming""]"	"[""Crop rotation"",""Crop production"",""Diversification"",""Agricultural productivity"",""Biodiversity""]"	False	0.0	False	False	False	1	4	1	ok	True	1	nl	True	63	8	True	0	0	True	933	120	True	1775	226	True	10	True	True	True	0	0	0	0	0	0	4
684fecd30eb936885f93d776	Soybean and methane reduction in organic ruminants?	en	en	nl	12	15	7	20	0	54	8	0	1	10	4	1	0	6	0	8	0.0	True	https://eu-cap-network.ec.europa.eu/projects/soy-avoiding-and-methane-reducing-feeding-organic-dairy-farms_en	False		Invalid DOI format; Subtitle missing; Language mismatch (declared=nl, detected=en); CV inconsistencies: Unknown intended_purposes: communication, dissemination	Document	"[""Brochure""]"	"[""methaan emissie"",""biologische melkveebedrijven"",""rantsoenveranderingen"",""KLIMREK tool""]"	"[""Crop farming"",""Environment""]"	"[""Animal husbandry""]"	False	0.0	False	False	False	1	2	1	ok	True	1	nl	False	51	7	True	0	0	True	117	17	False	11435	1653	True	4	True	True	True	0	0	0	0	0	0	2
687041d78811632f7cf20392	Vlaamse Eiwitboeren	nl	nl	en	6	10	1	18	0	35	5	0	1	2	5	3	0	0	6	8	0.0	False		False		Invalid DOI format; Low content depth (<250 tokens); Subtitle missing; CV inconsistencies: Unknown intended_purposes: dissemination, evaluation, experimentation, modelling	Document	"[""Practice abstract""]"	"[""Het spijt me"",""maar zonder specifieke informatie kan ik geen relevante zoekwoorden extraheren. Als je meer details hebt"",""help ik graag bij het identificeren van kernwoorden.""]"	"[""Crop farming""]"	"[""Organic agriculture"",""Farm equipment"",""Biomass production"",""Diversification"",""Genetic resources""]"	False	0.0	False	False	False	1	4	1	ok	True	1	nl	True	19	2	False	0	0	True	44	6	False	935	123	True	3	False	True	True	0	0	0	0	0	0	4
68703feb497da684268dac76	BeBoBBeheersing van Bodemplagen in Beschermde Bladgewassen	nl	nl	nl	19	10	5	20	2	54	8	10	1	2	5	3	0	4	2	8	0.0	False		False		Invalid DOI format; Low content depth (<250 tokens); Subtitle missing; CV inconsistencies: Unknown intended_purposes: dissemination, evaluation, experimentation, modelling	Document	"[""Practice abstract""]"	"[""Geïntegreerde gewasbeschermingsstrategie (IPM)"",""Bodemplagen"",""Varenrouwmuggen"",""Springstaarten"",""Tweevleugeligen"",""Monitoring"",""Plaagbiologie"",""Biologische bestrijders"",""Compostbemesting"",""Kostenbatenanalyse""]"	"[""Crop farming""]"	"[""Pest control"",""Soil management"",""Biodiversity"",""Crop rotation"",""Crop production""]"	False	0.0	False	False	False	1	5	1	ok	True	1	nl	True	58	6	True	0	0	True	871	109	True	1369	174	True	10	True	True	True	0	0	0	0	0	0	4
660196c4b1522f5a27c7b295	Kleinschalige vergistingMogelijkheden en kansen voor de landbouw	nl	nl	nl	21	12	7	20	0	60	8	7	1	10	2	0	0	6	0	8	0.0	True	https://www.nutri-know.eu	True		Subtitle missing; CV inconsistencies: Unknown intended_purposes: communication, dissemination	Document	"[""Brochure""]"	"[""processing technologies"",""anaerobic digestion"",""pocket digestion"",""smallscale digestion"",""biogas"",""digestate"",""nutrients""]"	"[""Environment"",""Livestock"",""Economics"",""Society""]"	"[""Energy management"",""Farm equipment"",""Fertilization"",""Diversification"",""Social innovation""]"	False	0.0	False	False	False	10	2	1	ok	True	1	nl	True	64	7	True	0	0	True	343	40	True	136722	19223	False	7	True	True	True	0	0	0	0	0	0	2
671f8705bbe71983a021c3dd	Valorisatie serreloof composteren	nl	nl	it	15	10	12	16	8	53	5	0	8	0	5	5	0	6	0	8	0.0	False		True		Low content depth (<250 tokens); Subtitle missing; CV inconsistencies: Unknown intended_purposes: communication, dissemination	Video	"[""Educational/training video"",""Documentary video""]"	"[""serreloof"",""reststromen"",""recycleren"",""composteren"",""organisch biologisch afval""]"	"[""Society""]"	"[""Residues""]"	False	0.0	False	False	False	1	2	2	ok	True	2	nl	True	33	3	False	0	0	True	41	5	False	18	3	False	5	True	True	True	0	0	0	0	0	0	2
66704977eae64a688c6e520a	PocketPower: Webinar kleinschalige vergistinggroentesector 2020	en	en	it	21	10	7	20	0	58	8	7	1	0	5	5	0	6	0	8	0.0	True	https://www.nutri-know.eu	True		Low content depth (<250 tokens); Subtitle missing; Language mismatch (declared=nl, detected=en); CV inconsistencies: Unknown intended_purposes: communication, dissemination	Video	"[""Webinar""]"	"[""processing technologies"",""anaerobic digestion"",""pocket digestion"",""smallscale digestion"",""biogas""]"	"[""Livestock"",""Environment""]"	"[""Agroecology"",""Energy management"",""Residues"",""Diversification""]"	False	0.0	False	False	False	1	2	1	ok	True	1	nl	False	63	5	True	0	0	True	328	46	True	18	3	False	5	True	True	True	0	0	0	0	0	0	2
6627218209ab01702bcaae5a	PocketPower: Webinar kleinschalige vergistingvarkenssector 2020	en	en	it	21	10	7	20	0	58	8	7	1	0	5	5	0	6	0	8	0.0	True	https://www.nutri-know.eu	True		Low content depth (<250 tokens); Subtitle missing; Language mismatch (declared=nl, detected=en); CV inconsistencies: Unknown intended_purposes: communication, dissemination	Video	"[""Webinar""]"	"[""processing technologies"",""anaerobic digestion"",""pocket digestion"",""smallscale digestion"",""biogas""]"	"[""Environment"",""Livestock""]"	"[""Agroecology"",""Energy management"",""Diversification"",""Residues""]"	False	0.0	False	False	False	1	2	1	ok	True	1	nl	False	63	5	True	0	0	True	322	46	True	18	3	False	5	True	True	True	0	0	0	0	0	0	2
660e6b46c1ef7c16f625058a	OG_Grass2Algae: valorisation of grass juice for growing microalgae as an additional source of income for farmers	en	en	it	24	10	7	20	2	61	8	10	1	0	5	5	0	6	0	8	0.0	True	https://www.nutri-know.eu	True		Low content depth (<250 tokens); Subtitle missing; Language mismatch (declared=nl, detected=en); CV inconsistencies: Unknown intended_purposes: dissemination, evaluation, support decisionmaking and strategic planning	Image	"[""Infographic""]"	"[""processing technologies"",""fertiliser production"",""grass juice"",""microalgae"",""alternative protein""]"	"[""Livestock"",""Crop farming"",""Environment""]"	"[""Fertilization"",""Agroecology"",""Biomass production"",""Crop production""]"	False	0.0	False	False	False	1	3	1	ok	True	1	nl	False	112	16	True	0	0	True	668	97	True	18	3	False	5	True	True	True	0	0	0	0	0	0	3
67dadb54742225748a71a026	Grasscorn systems with high protein autonomy: it’s possible.	en	en	fr	21	15	7	15	0	58	8	9	1	8	5	2	0	6	0	8	0.0	True	https://eu-cap-network.ec.europa.eu/projects/terunic-territory-economical-right-understanding_en	False		Invalid DOI format; Subtitle missing; Language mismatch (declared=fr, detected=en); CV inconsistencies: Unknown intended_purposes: communication, dissemination	Document	"[""Technical/technology article""]"	"[""Grasscorn systems"",""high protein autonomy"",""Pays de la Loire"",""Brittany"",""TERUnic project""]"	"[""Crop farming"",""Livestock""]"	"[""Animal husbandry"",""Crop production""]"	False	0.0	False	False	False	1	2	1	ok	True	1	fr	False	60	8	True	0	0	True	295	49	True	7601	1177	True	5	True	True	True	0	0	0	0	0	0	2
67ee43c96bf3ffbacd53afb2	Nitrogen inputs for the pasture	en	en	fr	19	16	7	18	0	60	8	7	1	10	5	1	0	6	0	8	0.0	True	https://eu-cap-network.ec.europa.eu/projects/horse-grazing-normandy_en	False		Invalid DOI format; Subtitle missing; Language mismatch (declared=fr, detected=en); CV inconsistencies: Unknown intended_purposes: communication, dissemination	Document	"[""Technical/technology article""]"	"[""Nitrogen"",""pasture"",""organic matter"",""penetration"",""soil structure"",""nutrients"",""plant development"",""horses""]"	"[""Livestock"",""Environment"",""Crop farming""]"	"[""Animal husbandry"",""Crop rotation"",""Soil management"",""Crop production""]"	False	0.0	False	False	False	1	2	1	ok	True	1	fr	False	31	5	True	0	0	True	278	41	True	12669	1813	True	8	True	True	True	0	0	0	0	0	0	2
67dc3bfb8da88c36dae4031b	Poster Presentation of the FRUGAL ProjectUrban Forms and Food Governance	en	en	fr	17	12	7	18	0	54	8	5	1	4	5	3	0	6	0	8	0.0	True	https://eu-cap-network.ec.europa.eu/projects/urban-shapes-and-food-governancy_en	False		Invalid DOI format; Subtitle missing; Language mismatch (declared=fr, detected=en); CV inconsistencies: Unknown intended_purposes: communication, dissemination	Document	"[""Flyer""]"	"[""regional development"",""regional innovation"",""Food Governance"",""methodology"",""results"",""Urban Forms"",""FRUGAL project""]"	"[""Environment"",""Crop farming""]"	"[""Food quality"",""Crop production""]"	False	0.0	False	False	False	1	2	1	ok	True	1	fr	False	72	10	True	0	0	True	239	33	False	2825	354	True	7	True	True	True	0	0	0	0	0	0	2
679a514a2d903ab30c8f0a52	Recherche d’indicateurs de résilience des troupeaux laitiers	fr	fr	fr	11	13	7	18	0	49	8	0	1	6	5	2	0	6	0	8	0.0	False		True		Subtitle missing; CV inconsistencies: Unknown intended_purposes: communication, dissemination	Document	"[""Practice abstract""]"	"[""Résilience"",""Vache laitière"",""Lactation"",""Indicateurs"",""Production laitière""]"	"[""Livestock""]"	"[""Animal husbandry"",""Climate""]"	False	0.0	False	False	False	1	2	2	ok	True	1	fr	True	60	7	True	0	0	True	215	35	False	3951	568	True	5	True	True	True	0	0	0	0	0	0	2
67e67e61d6084bce00c2ed72	Food Short Circuits: Tools for Better ActionPractical guide for development agents	en	en	fr	19	11	7	18	0	55	8	7	1	10	1	0	0	6	0	8	0.0	True	https://eu-cap-network.ec.europa.eu/projects/all-farmers-supporting-local-collective-elaborate-innovative-and-particpative-pratices_en	False		Invalid DOI format; Subtitle missing; Language mismatch (declared=fr, detected=en); CV inconsistencies: Unknown intended_purposes: communication, dissemination	Document	"[""Guide""]"	"[""development agents"",""Food Short Circuits"",""Tools"",""Better Action"",""definitions"",""local development"",""human factors"",""logistical factors"",""marketing factors""]"	"[""Society"",""Environment""]"	"[""Diversification""]"	False	0.0	False	False	False	1	2	1	ok	True	1	fr	False	82	11	True	0	0	True	324	43	True	272738	39500	False	9	True	True	True	0	0	0	0	0	0	2
67dc39d08da88c36dae402e6	Presentation of the FRUGAL projectUrban Forms and Food Governance	en	en	fr	20	16	7	18	0	61	8	8	1	10	5	1	0	6	0	8	0.0	True	https://eu-cap-network.ec.europa.eu/projects/urban-shapes-and-food-governancy_en	False		Invalid DOI format; Subtitle missing; Language mismatch (declared=fr, detected=en); CV inconsistencies: Unknown intended_purposes: communication, dissemination	Document	"[""Technical/technology article""]"	"[""methodology"",""regional development"",""regional innovation"",""results"",""FRUGAL project"",""Urban Forms"",""Food Governance""]"	"[""Crop farming"",""Environment""]"	"[""Crop production"",""Food quality""]"	False	0.0	False	False	False	1	2	1	ok	True	1	fr	False	65	9	True	0	0	True	242	34	False	15000	1986	True	7	True	True	True	0	0	0	0	0	0	2
67e1367a0eaf15c54c2e5173	Produce droughtresistant annual forages	en	en	fr	12	16	7	18	0	53	8	0	1	10	5	1	0	6	0	8	0.0	True	https://eu-cap-network.ec.europa.eu/projects/transformation-goat-systems-towards-greater-sustainability_en	False		Invalid DOI format; Subtitle missing; Language mismatch (declared=fr, detected=en); CV inconsistencies: Unknown intended_purposes: communication, dissemination	Document	"[""Technical/technology article""]"	"[""annual forages"",""drought"",""droughtresistant"",""benefits"",""tips"",""testimonials""]"	"[""Crop farming"",""Livestock""]"	"[""Animal husbandry"",""Crop production"",""Soil management""]"	False	0.0	False	False	False	1	2	1	ok	True	1	fr	False	39	4	True	0	0	True	217	29	False	15625	2386	True	6	True	True	True	0	0	0	0	0	0	2
67eea44daa46108e2c765507	Producing forage: at what cost?	en	en	fr	19	13	7	18	0	57	8	7	1	6	5	2	0	6	0	8	0.0	True	https://eu-cap-network.ec.europa.eu/projects/horse-grazing-normandy_en	False		Invalid DOI format; Subtitle missing; Language mismatch (declared=fr, detected=en); CV inconsistencies: Unknown intended_purposes: communication, dissemination	Document	"[""Technical/technology article""]"	"[""forage"",""cost"",""Grass"",""highquality feed"",""protein needs"",""energy needs"",""horses"",""pasture""]"	"[""Livestock"",""Economics"",""Environment"",""Crop farming""]"	"[""Animal husbandry"",""Soil management"",""Crop production""]"	False	0.0	False	False	False	1	2	1	ok	True	1	fr	False	31	5	True	0	0	True	296	45	True	4765	713	True	8	True	True	True	0	0	0	0	0	0	2
67d7f6b9a11283a97a293e84	Grazing YearRound: Is It Possible? Summary of 3 Years of Monitoring 2019-2021	en	en	fr	24	15	7	18	0	64	8	12	1	10	4	1	0	6	0	8	0.0	True	https://eu-cap-network.ec.europa.eu/projects/reine-mathilde-development-organic-dairy-sector-normandy_en	False		Invalid DOI format; Subtitle missing; Language mismatch (declared=fr, detected=en); CV inconsistencies: Unknown intended_purposes: communication, dissemination	Document	"[""Report/paper""]"	"[""longterm productivity"",""Grazing YearRound"",""meadows"",""annual grazing"",""milk fatty acids"",""virtuous landscape""]"	"[""Livestock"",""Crop farming"",""Environment""]"	"[""Land management"",""Organic agriculture"",""Crop rotation"",""Crop production""]"	False	0.0	False	False	False	4	2	1	ok	True	1	fr	False	77	11	True	0	0	True	432	62	True	33087	4808	False	6	True	True	True	0	0	0	0	0	0	2
67c8629c05c5a5fadf7b3487	Advantages and disadvantages of integrating Conservation Agriculture techniques in vegetable crops	en	en	fr	12	13	7	17	4	49	8	0	1	6	5	2	0	6	0	8	0.0	True	https://eu-cap-network.ec.europa.eu/projects/innovative-soil-management-practices-adapted-norman-vegetable-systems-based-soil_en	False		Invalid DOI format; Subtitle missing; Language mismatch (declared=fr, detected=en); CV inconsistencies: Unknown intended_purposes: communication, dissemination	Document	"[""Technical information/specifications card""]"	"[""Conservation Soil Agriculture (CSA)"",""Advantages"",""disadvantages"",""vegetable crops"",""Conservation Agriculture techniques""]"	"[""Crop farming"",""Environment""]"	"[""Crop rotation"",""Soil management"",""Crop production"",""Climate"",""Biodiversity"",""Agroecology""]"	False	0.0	False	False	False	1	2	1	ok	True	1	fr	False	98	11	True	0	0	True	184	23	False	4953	718	True	5	True	True	True	0	0	0	0	0	0	2
67cec84f8c2025d4194644e2	Mixed Grazing : Horses and Cattle	en	en	fr	12	13	7	18	2	50	8	0	1	6	5	2	0	6	0	8	0.0	True	https://eu-cap-network.ec.europa.eu/projects/paturbovequin_en	False		Invalid DOI format; Subtitle missing; Language mismatch (declared=fr, detected=en); CV inconsistencies: Unknown intended_purposes: communication, dissemination	Document	"[""Flyer""]"	"[""Mixed Grazing"",""Horses and Cattle"",""Horses"",""Cattle"",""benefits"",""nutrition"",""parasite control"",""advantages"",""disadvantages""]"	"[""Livestock"",""Environment""]"	"[""Animal husbandry"",""Biodiversity"",""Pest control"",""Diversification""]"	False	0.0	False	False	False	1	2	1	ok	True	1	fr	False	33	5	True	0	0	True	249	35	False	5064	761	True	9	True	True	True	0	0	0	0	0	0	2
67dc380e8da88c36dae402cc	Urban forms and food governance	en	en	fr	22	14	7	17	0	60	8	10	1	10	4	0	0	6	0	8	0.0	True	https://eu-cap-network.ec.europa.eu/projects/urban-shapes-and-food-governancy_en	False		Invalid DOI format; Subtitle missing; Language mismatch (declared=fr, detected=en); CV inconsistencies: Unknown intended_purposes: communication, dissemination	Document	"[""Report/paper""]"	"[""Urban forms"",""food governance"",""food consumption"",""processing sectors"",""distribution sectors"",""market gardening operation"",""Caen""]"	"[""Environment"",""Crop farming""]"	"[""Crop production"",""Food quality""]"	False	0.0	False	False	False	1	2	1	ok	True	1	fr	False	31	5	True	0	0	True	414	62	True	47931	6862	False	7	True	True	True	0	0	0	0	0	0	2
6716c901209cd9bd370e62f2	Policy Brief 'Communication'	en	en	fr	11	14	2	14	0	41	5	0	1	8	5	1	0	1	5	8	0.0	True	https://cordis.europa.eu/project/id/727895	True		Subtitle missing; Language mismatch (declared=fr, detected=en); CV inconsistencies: Unknown intended_purposes: support decisionmaking and strategic planning	Document	"[""Policy brief""]"	"[""sheep productivity"",""network"",""communication"",""technology transfer"",""translation funding""]"	"[""Livestock""]"	"[""Animal husbandry""]"	False	0.0	False	False	False	1	1	3	ok	True	1	fr	False	28	3	False	0	0	True	154	21	False	10073	1477	True	5	True	True	True	0	0	0	0	0	0	1
67ee9ed06bf3ffbacd53ba6d	Optimizing the diet with haylage	en	en	fr	19	15	7	18	0	59	8	7	1	8	5	2	0	6	0	8	0.0	True	https://eu-cap-network.ec.europa.eu/projects/horse-grazing-normandy_en	False		Invalid DOI format; Subtitle missing; Language mismatch (declared=fr, detected=en); CV inconsistencies: Unknown intended_purposes: communication, dissemination	Document	"[""Technical/technology article""]"	"[""Optimisation"",""diet"",""haylage"",""nutritional value"",""highquality forage"",""mycotoxins"",""dust"",""dry matter"",""horses""]"	"[""Livestock"",""Environment"",""Crop farming""]"	"[""Animal husbandry"",""Soil management"",""Crop rotation""]"	False	0.0	False	False	False	1	2	1	ok	True	1	fr	False	32	5	True	0	0	True	306	48	True	6547	1022	True	9	True	True	True	0	0	0	0	0	0	2
67dbce0e22ae452a2bf074bc	Presentation of the Terunic Project	en	en	fr	22	12	5	13	0	52	8	10	1	4	5	3	0	4	2	8	0.0	True	https://eu-cap-network.ec.europa.eu/projects/terunic-territory-economical-right-understanding_en	False		Invalid DOI format; Subtitle missing; Language mismatch (declared=fr, detected=en); CV inconsistencies: Unknown intended_purposes: communication, dissemination	Document	"[""Brochure""]"	"[""Terunic Project"",""Presentation"",""economic study"",""protein selfsufficiency"",""strategies"",""partners""]"	"[""Livestock"",""Crop farming"",""Economics""]"	"[""Animal husbandry"",""Crop production""]"	False	0.0	False	False	False	1	2	1	ok	True	1	fr	False	35	5	True	0	0	True	282	43	True	3363	436	True	6	True	True	True	0	0	0	0	0	0	2
67ee497f6bf3ffbacd53b086	How to perform a fecal examination?	en	en	fr	19	12	7	18	0	56	8	7	1	4	5	3	0	6	0	8	0.0	True	https://eu-cap-network.ec.europa.eu/projects/horse-grazing-normandy_en	False		Invalid DOI format; Subtitle missing; Language mismatch (declared=fr, detected=en); CV inconsistencies: Unknown intended_purposes: communication, dissemination	Document	"[""Technical/technology article""]"	"[""fecal examination"",""parasite eggs"",""fresh manure"",""analysis"",""horse's manure"",""horses""]"	"[""Livestock"",""Environment""]"	"[""Pest control"",""Animal husbandry""]"	False	0.0	False	False	False	1	2	1	ok	True	1	fr	False	35	5	True	0	0	True	302	42	True	3067	444	True	6	True	True	True	0	0	0	0	0	0	2
67d00a92d2f3ec5aa09a1c9c	Producing winter fava beans in association for a grain harvest in organic farming	en	en	fr	21	13	1	17	0	52	8	9	1	6	5	2	0	0	6	8	0.0	True	https://eu-cap-network.ec.europa.eu/projects/prograilive_en	False		Invalid DOI format; Subtitle missing; Language mismatch (declared=fr, detected=en); CV inconsistencies: Unknown intended_purposes: communication, dissemination	Document	"[""Technical information/specifications card""]"	"[""contexts"",""tested modalities"",""association"",""impact"",""cereal"",""technical route"",""results"",""adaptations"",""winter fava beans"",""fava beans"",""Organic farming""]"	"[""Crop farming"",""Environment""]"	"[""Crop rotation"",""Crop production"",""Organic agriculture""]"	False	0.0	False	False	False	1	2	1	ok	True	1	fr	False	81	12	True	0	0	True	323	49	True	5133	697	True	11	True	True	True	0	0	0	0	0	0	2
67e41aae0d15cf76679d589c	State of play on lighting in buildings	en	en	fr	19	16	7	18	0	60	8	7	1	10	5	1	0	6	0	8	0.0	True	https://eu-cap-network.ec.europa.eu/projects/hangar-staging-improvement-methodology-dairy-cows-building-breeding-equipment-and_en	False		Invalid DOI format; Subtitle missing; Language mismatch (declared=fr, detected=en); CV inconsistencies: Unknown intended_purposes: communication, dissemination	Document	"[""Technical/technology article""]"	"[""lighting"",""buildings"",""dairy farm"",""dairy cows"",""conditions"",""safety"",""natural behaviors""]"	"[""Livestock"",""Environment"",""Society""]"	"[""Animal husbandry"",""Farm equipment""]"	False	0.0	False	False	False	1	2	1	ok	True	1	fr	False	38	7	True	0	0	True	498	66	True	16833	2451	True	7	True	True	True	0	0	0	0	0	0	2
67bf107afc604b380dbad739	Direct seeding under permanent vegetal cover.	en	en	fr	15	12	7	13	0	47	8	3	1	4	5	3	0	6	0	8	0.0	True	https://eu-cap-network.ec.europa.eu/projects/giee-les-3-vallees-direct-sowing-under-permanent-soil-cover_en	False		Invalid DOI format; Subtitle missing; Language mismatch (declared=fr, detected=en); CV inconsistencies: Unknown intended_purposes: communication, dissemination	Document	"[""Brochure""]"	"[""Direct seeding"",""permanent vegetal cover"",""permanent vegetal"",""agroecology""]"	"[""Crop farming"",""Environment""]"	"[""Agroecology"",""Biodiversity"",""Crop production""]"	False	0.0	False	False	False	2	2	1	ok	True	1	fr	False	45	6	True	0	0	True	68	10	False	1906	252	True	4	True	True	True	0	0	0	0	0	0	2
67e124d30eaf15c54c2e5051	Pasture management and introduction of grain mixtures	en	en	fr	12	15	7	14	0	48	8	0	1	8	5	2	0	6	0	8	0.0	True	https://eu-cap-network.ec.europa.eu/projects/transformation-goat-systems-towards-greater-sustainability_en	False		Invalid DOI format; Subtitle missing; Language mismatch (declared=fr, detected=en); CV inconsistencies: Unknown intended_purposes: communication, dissemination	Document	"[""Technical/technology article""]"	"[""goat farming"",""Pasture management"",""grain mixtures"",""soil management"",""dairy production indicators"",""production costs""]"	"[""Crop farming"",""Livestock""]"	"[""Animal husbandry"",""Crop rotation"",""Crop production""]"	False	0.0	False	False	False	1	2	1	ok	True	1	fr	False	53	7	True	0	0	True	284	38	False	5637	839	True	6	True	True	True	0	0	0	0	0	0	2
672a482d3bfac87abd6a93fa	Video : réparer la terreune agriculture de régénaration	en	en	fr	14	10	7	20	6	51	8	2	1	0	5	5	0	6	0	8	0.0	True	https://eu-cap-network.ec.europa.eu/projects/giee-les-3-vallees-direct-sowing-under-permanent-soil-cover_en	False		Invalid DOI format; Low content depth (<250 tokens); Subtitle missing; Language mismatch (declared=fr, detected=en); CV inconsistencies: Unknown intended_purposes: dissemination, experimentation	Video	"[""Testimonial"",""Documentary video"",""Educational/training video""]"	"[""cover crop"",""living soils"",""notill"",""weed management"",""ferility management"",""pollinators"",""bees"",""reduced tillage"",""intercropping""]"	"[""Crop farming"",""Environment""]"	"[""Agroecology"",""Crop rotation"",""Biodiversity"",""Farm equipment"",""Fertilization"",""Pest control"",""Crop production"",""Soil management""]"	False	0.0	False	False	False	1	2	1	ok	True	3	fr	False	55	7	True	0	0	True	151	22	False	170	12	False	9	True	True	True	0	0	0	0	0	0	2
67bc78367e17de31ed863d16	The Various Applications of Potato Cultivation	en	en	fr	21	8	8	16	2	53	8	7	3	0	5	3	0	6	0	8	0.0	True	https://eu-cap-network.ec.europa.eu/projects/develop-innovative-production-techniques-save-inputs-normandy-potato-industry_en	False		Invalid DOI format; Low content depth (<250 tokens); Subtitle missing; Language mismatch (declared=fr, detected=en); CV inconsistencies: Unknown intended_purposes: communication, dissemination	Video	"[""Presentation/live talk capturing video"",""Guide""]"	"[""potatoes"",""soil fertility"",""crop rotation"",""alternative techniques"",""reduce phytosanitary inputs"",""varietal selection""]"	"[""Environment"",""Crop farming""]"	"[""Soil management"",""Crop rotation"",""Climate""]"	False	0.0	False	False	False	1	2	1	ok	True	2	fr	False	46	6	True	0	0	True	310	40	True	502	54	False	6	True	True	True	0	0	0	0	0	0	2
68b02e8d818735b7dadf2708	Recupero antiche varietà di olivo in EmiliaRomagna	it	it	it	12	16	7	18	2	53	8	0	1	10	5	1	0	6	0	8	0.0	True	https://eu-cap-network.ec.europa.eu/projects/olive-biodiversity-and-safeguard_en	False		Invalid DOI format; Subtitle missing; CV inconsistencies: Unknown intended_purposes: dissemination	Document	"[""Press release""]"	"[""olivicoltura"",""biodiversità"",""genotipi locali"",""olio extravergine"",""dieta mediterranea""]"	"[""Crop farming"",""Environment""]"	"[""Crop production"",""Genetic resources""]"	False	0.0	False	False	False	1	1	1	ok	True	1	it	True	50	7	True	0	0	True	164	22	False	21978	2938	True	5	True	True	True	0	0	0	0	0	0	1
6879f4e17515ec9f32050d2e	Studi È stato verificato il grado di fattibilità economica e di scalabilità del progetto. In secondo luogo si è predisposta una valutazione più ampia della…	it	it	it	18	12	2	16	2	48	5	7	3	4	5	3	0	0	6	8	0.0	True	https://eu-cap-network.ec.europa.eu/projects/vegetable-crops-waste-opportunities-energy-transformation-and-their-reuse_en	False		Invalid DOI format; Subtitle missing; CV inconsistencies: Unknown intended_purposes: communication, dissemination, evaluation, experimentation, support decisionmaking and strategic planning	Document	"[""Practice abstract""]"	"[""Fattibilità economica"",""Scalabilità del progetto"",""Sostenibilità del processo di trattamento degli scarti"",""Impianti sperimentati"",""Pirogassificazione"",""Localizzazione dell’impianto"",""Esternalità positive"",""Farine proteiche per l’impiego zootecnico"",""Valorizzazione delle ramaglie"",""Biochar""]"	"[""Economics"",""Livestock"",""Environment"",""Forestry"",""Society""]"	"[""Agroecology"",""Biomass production"",""Training"",""Biodiversity"",""Climate"",""Energy management""]"	False	0.0	False	False	False	1	6	1	ok	True	1	it	True	156	22	False	0	0	True	823	103	True	2368	318	True	10	True	True	True	0	0	0	0	0	0	5
6870f629df79b57710cff4c9	Sviluppo di nuovi prodotti lattierocaseari ad alto contenuto nutrizionale con packaging innovativo.	it	it	it	21	10	2	20	4	53	8	7	3	2	5	3	0	0	6	8	0.0	True	https://eu-cap-network.ec.europa.eu/projects/dairy-cow-farming-parmigiano-reggiano-cheese-area-innovation-and-tradition-sustainable_en	False		Invalid DOI format; Low content depth (<250 tokens); Subtitle missing; CV inconsistencies: Unknown intended_purposes: evaluation, experimentation, modelling, support decisionmaking and strategic planning	Document	"[""Practice abstract""]"	"[""Prodotti lattierocaseari"",""Filiera del GOI"",""Contenuto nutrizionale"",""Analisi di mercato"",""Analisi sensoriale"",""Consumer test"",""Packaging"",""Peculiarità nutrizionali"",""Progettazione"",""Latte""]"	"[""Livestock""]"	"[""Diversification"",""Farm equipment"",""Food quality"",""Training"",""Animal husbandry""]"	False	0.0	False	False	False	1	4	1	ok	True	1	it	True	99	12	True	0	0	True	413	53	True	1260	160	True	10	True	True	True	0	0	0	0	0	0	4
6620cd7c0beeac6e7e385170	SOS Aquae: The role of conservation tillage and renewable fertilizer to enhance organic carbon and nitrogen in the soil	en	en	it	21	13	7	16	0	57	5	10	1	6	5	2	0	6	0	8	0.0	True	https://www.nutri-know.eu	True		Subtitle missing; Language mismatch (declared=it, detected=en); CV inconsistencies: Unknown intended_purposes: communication, dissemination	Document	"[""Report/paper""]"	"[""Sustainable agrotechnics"",""Renewable fertilizers"",""Fertigation"",""Digestate microfiltration"",""Subsurface drip fertigation""]"	"[""Crop farming"",""Environment""]"	"[""Agroecology"",""Climate"",""Crop rotation"",""Farm equipment"",""Fertilization"",""Soil management""]"	False	0.0	False	False	False	1	2	1	ok	True	1	it	False	119	19	False	0	0	True	432	68	True	4976	666	True	5	True	True	True	0	0	0	0	0	0	2
6780fb2dc19c60b2c8336fcf	Upscaling quality of drinking water_Val Tidone	en	en	it	14	12	4	19	0	49	8	3	1	4	5	3	0	3	3	8	0.0	False		True		Subtitle missing; Language mismatch (declared=it, detected=en); CV inconsistencies: Unknown license: CC BYNC | Unknown intended_purposes: communication, dissemination	Document	"[""Report/paper""]"	"[""mitigation"",""water quality"",""contamination"",""pesticides"",""environment""]"	"[""Environment"",""Society""]"	"[""Social innovation"",""Pest control""]"	False	0.0	False	False	False	4	2	1	ok	True	1	it	False	46	6	True	0	0	True	192	31	False	2868	336	True	5	True	True	False	0	0	0	0	0	0	2
68b04607a408fb38e046e1ac	Prodotti ad alto valore aggiunto dagli ortaggi	it	it	it	12	15	7	18	0	52	8	0	1	8	5	2	0	6	0	8	0.0	True	https://eu-cap-network.ec.europa.eu/projects/horticulture-20-0-residues-0-waste-produce-food-future_en	False		Invalid DOI format; Subtitle missing; CV inconsistencies: Unknown intended_purposes: dissemination	Document	"[""Press release""]"	"[""Orticoltura 2.0"",""Fibre lignocellulosiche"",""Malte""]"	"[""Crop farming"",""Environment"",""Economics""]"	"[""Residues"",""Food quality""]"	False	0.0	False	False	False	1	1	1	ok	True	1	it	True	46	7	True	0	0	True	235	31	False	7865	1078	True	3	False	True	True	0	0	0	0	0	0	1
6870f3f67cece0fb2e16349d	Valutazione e buone pratiche di mitigazione delle emissioni nel settore biologico.	it	it	it	21	10	2	20	4	53	8	7	3	2	5	3	0	0	6	8	0.0	True	https://eu-cap-network.ec.europa.eu/projects/best-practices-reduction-greenhouse-gas-emissions-organic-farms_en	False		Invalid DOI format; Low content depth (<250 tokens); Subtitle missing; CV inconsistencies: Unknown intended_purposes: evaluation, experimentation, modelling, support decisionmaking and strategic planning	Document	"[""Practice abstract""]"	"[""Azione 3.4"",""Valutazione dei risultati"",""Buone pratiche"",""Mitigazione delle emissioni"",""Frutticolo biologico"",""Zootecnico biologico"",""Trasferibilità"",""Progetto""]"	"[""Environment""]"	"[""Organic agriculture"",""Agroecology"",""Diversification"",""Biomass production"",""Residues""]"	False	0.0	False	False	False	1	5	1	ok	True	1	it	True	82	10	True	0	0	True	484	59	True	836	103	True	8	True	True	True	0	0	0	0	0	0	4
6870f314f7e0c8e6439f1b3f	Divulgazione e Trasferimento per Implementazione Rete PEI nell'Agricoltura Appenninica	it	it	it	19	12	1	19	2	51	8	7	1	4	5	3	0	0	6	8	0.0	True	https://eu-cap-network.ec.europa.eu/projects/appenbio-food-health-apennine_en	False		Invalid DOI format; Subtitle missing; CV inconsistencies: Unknown intended_purposes: dissemination, experimentation, modelling	Document	"[""Practice abstract""]"	"[""Divulgazione scientifica"",""Trasferimento tecnologico"",""Rete PEI"",""Pratiche agricole innovative"",""Disseminazione"",""Eventi divulgativi"",""Comunicazione via rete"",""Canali di commercializzazione"",""Prodotti locali"",""Distribuzione alimentare""]"	"[""Environment""]"	"[""Agroecology"",""Organic agriculture"",""Training"",""Food quality"",""Fertilization""]"	False	0.0	False	False	False	1	3	1	ok	True	1	it	True	86	8	True	0	0	True	908	109	True	1969	251	True	10	True	True	True	0	0	0	0	0	0	3
68a71a07bec44fb8dfd37e7e	Innovazione nella filiera del pioppo	it	it	it	19	13	7	13	2	52	8	7	1	6	5	2	0	6	0	8	0.0	True	https://eu-cap-network.ec.europa.eu/projects/vigoforpoplara-short-chain-poplar-system-enhance-wood-quality-productions_en	False		Invalid DOI format; OCR hyphenation artefacts detected; Subtitle missing; CV inconsistencies: Unknown intended_purposes: communication, dissemination	Document	"[""Press release""]"	"[""Pioppo"",""sviluppo filiera"",""impatto ambientale"",""software supply chain"",""PEFC""]"	"[""Forestry"",""Environment"",""Society""]"	"[""Biomass production""]"	False	0.0	False	False	False	1	2	1	ok	True	1	it	True	36	5	True	0	0	True	531	69	True	7419	681	True	5	True	True	True	0	0	0	0	0	0	2
661f72930beeac6e7e3810c2	STRUVITE extraction from pig slurry	en	en	it	24	16	7	15	0	62	8	10	1	10	5	1	0	6	0	8	0.0	True	https://www.nutri-know.eu	True		Subtitle missing; Language mismatch (declared=it, detected=en); CV inconsistencies: Unknown intended_purposes: communication, dissemination	Document	"[""Technical/technology article""]"	"[""Struvite"",""Nutrients recovery"",""Digestate treatment"",""Ammonia Emissions"",""GHG emissions""]"	"[""Livestock"",""Environment""]"	"[""Productivity"",""Climate"",""Farm equipment""]"	False	0.0	False	False	False	1	2	1	ok	True	1	it	False	35	5	True	0	0	True	428	65	True	12754	1770	True	5	True	True	True	0	0	0	0	0	0	2
6870f6c0f7e0c8e6439f1b8a	Minimizzazione emissioni di ammoniaca e gas serra nel trattamento del digestato in aziende di bovini da latte per ParmigianoReggiano	it	it	it	21	10	2	20	4	53	8	7	3	2	5	3	0	0	6	8	0.0	True	https://eu-cap-network.ec.europa.eu/projects/emissions-reduction-digestate-management_en	False		Invalid DOI format; Low content depth (<250 tokens); Subtitle missing; CV inconsistencies: Unknown intended_purposes: dissemination, evaluation	Document	"[""Practice abstract""]"	"[""Digestione anaerobica"",""ParmigianoReggiano"",""Emissioni di ammoniaca"",""Gas serra"",""Analisi LCA"",""Trattamento del digestato"",""Gestione agronomica"",""Impronta carbonica"",""Separazione solido/liquido"",""Applicazione agronomica""]"	"[""Livestock""]"	"[""Residues"",""Animal husbandry"",""Agroecology"",""Energy management"",""Biodiversity""]"	False	0.0	False	False	False	1	3	1	ok	True	1	it	True	132	18	True	0	0	True	835	102	True	1580	199	True	10	True	True	True	0	0	0	0	0	0	2
6870f390f7e0c8e6439f1b4f	Razionalizzazione della filiera produttiva caprina in Basilicata: nuovo modello organizzativo, tecniche e prodotti innovativi	it	it	it	19	10	1	20	2	50	8	7	1	2	5	3	0	0	6	8	0.0	True	https://eu-cap-network.ec.europa.eu/projects/application-process-and-product-innovations-development-milk-chain-basilicata-innoprolatte_en	False		Invalid DOI format; Low content depth (<250 tokens); Subtitle missing; CV inconsistencies: Unknown intended_purposes: evaluation, experimentation, modelling, support decisionmaking and strategic planning	Document	"[""Practice abstract""]"	"[""Filiera produttiva caprina"",""Modello organizzativo"",""Tecniche di allevamento"",""Trasformazione e commercializzazione"",""Innovazione zootecnica"",""Prodotti caseari"",""Strategie commerciali"",""Filiera integrata""]"	"[""Livestock""]"	"[""Food quality"",""Diversification"",""Animal husbandry"",""Farm equipment""]"	False	0.0	False	False	False	1	5	1	ok	True	1	it	True	125	13	True	0	0	True	746	87	True	1702	220	True	8	True	True	True	0	0	0	0	0	0	4
6716b202209cd9bd370e5c1a	Technologies Innovation Workshop	en	en	it	21	16	4	18	0	59	5	10	1	10	5	1	0	3	3	8	0.0	True	https://www.shortfoodchain.eu	True		Subtitle missing; Language mismatch (declared=it, detected=en); CV inconsistencies: Unknown intended_purposes: dissemination	Document	"[""Report/paper""]"	"[""agrofood sector"",""supply chain"",""innovative technology ideas"",""livestock"",""crop farming"",""gastronomy"",""short supply chain"",""sfsc""]"	"[""Crop farming"",""Livestock"",""Society""]"	"[""Food quality"",""Farm equipment""]"	False	0.0	False	False	False	1	1	1	ok	True	1	it	False	32	3	False	0	0	True	436	67	True	23707	3187	True	8	True	True	True	0	0	0	0	0	0	1
6870f23af7e0c8e6439f1b2f	Produzione di funghi micorrizici arbuscolari per il progetto Fertibio: serra e coltivazione pomodori Rio Grande.	it	it	it	21	10	2	20	4	53	8	7	3	2	5	3	0	0	6	8	0.0	True	https://eu-cap-network.ec.europa.eu/projects/development-production-process-biological-fertilizers-and-their-application-food-and-feed_en	False		Invalid DOI format; Low content depth (<250 tokens); Subtitle missing; CV inconsistencies: Unknown intended_purposes: dissemination, evaluation, experimentation, support decisionmaking and strategic planning	Document	"[""Practice abstract""]"	"[""Funghi micorrizici arbuscolari (AMF)"",""Produzione di funghi"",""Piantine di pomodoro"",""Inoculazione di AMF"",""Serra agricola"",""Progetto Fertibio"",""Substrato torba"",""Mix di suolo"",""sabbia e zeolite"",""Azienda Le Prata di Agostini""]"	"[""Crop farming""]"	"[""Fertilization"",""Crop production"",""Agroecology"",""Organic agriculture"",""Biomass production""]"	False	0.0	False	False	False	1	4	1	ok	True	1	it	True	112	14	True	0	0	True	561	81	True	1248	164	True	10	True	True	True	0	0	0	0	0	0	4
6870f6b27cece0fb2e1634cd	Impianti di luppolo in Toscana: valutazione delle performances e guida alla coltivazione	it	it	it	21	11	6	20	4	58	8	7	3	2	5	4	0	4	2	8	0.0	True	https://eu-cap-network.ec.europa.eu/projects/development-tuscan-hop-cultivation-production-beers-made-tuscany-hops-tuscany_en	False		Invalid DOI format; Low content depth (<250 tokens); Subtitle missing; CV inconsistencies: Unknown intended_purposes: experimentation, modelling, support decisionmaking and strategic planning	Document	"[""Practice abstract""]"	"[""Luppolo commerciale"",""Germoplasma autoctono"",""Sostenibilità idrica"",""Sostenibilità ambientale"",""Coltivazione del luppolo"",""Qualità dei coni"",""Birrificazione"",""Varieà autoctone"",""Nutraceutiche"",""Toscana""]"	"[""Forestry""]"	"[""Agricultural productivity"",""Diversification"",""Agroecology"",""Social innovation"",""Biomass production""]"	False	0.0	False	False	False	1	4	1	ok	True	1	it	True	88	11	True	0	0	True	502	67	True	929	122	True	10	True	True	True	0	0	0	0	0	0	3
687a499ca8eeff436742bb24	Coltivare con il biogas in Regione ToscanaProgetto SmartGas	it	it	en	19	10	1	20	0	50	8	7	1	0	5	5	0	0	6	8	0.0	True	https://eu-cap-network.ec.europa.eu/projects/smartgas-farming-biogas-reduce-carbon-footprint-and-increase-sustainability-and-resilience_en	False		Invalid DOI format; Low content depth (<250 tokens); Subtitle missing; CV inconsistencies: Unknown intended_purposes: dissemination	Video	"[""Documentary video""]"	"[""biogas"",""soil organic matter"",""renewable energy"",""digestate""]"	"[""Environment"",""Crop farming""]"	"[""Productivity"",""Energy management"",""Diversification"",""Fertilization"",""Soil management"",""Residues""]"	False	0.0	False	False	False	1	1	1	ok	True	1	it	True	59	8	True	0	0	True	1020	134	True	280	36	False	4	True	True	True	0	0	0	0	0	0	1
683ebe16e3352e0916cd0f90	Endbericht Agroforst in Österreich	en	en	de	12	16	7	18	0	53	8	0	1	10	5	1	0	6	0	8	0.0	True	https://eu-cap-network.ec.europa.eu/projects/knowledge-transfer-and-implementation-agroforesty-systems-austria_en	False		Invalid DOI format; Subtitle missing; Language mismatch (declared=de, detected=en); CV inconsistencies: Unknown intended_purposes: communication, dissemination, evaluation	Document	"[""Report/paper""]"	"[""Agroforestry"",""Sustainable Agriculture"",""EIP Project""]"	"[""Forestry"",""Environment""]"	"[""Agroecology"",""Agricultural productivity"",""Organic agriculture"",""Pest control"",""Diversification"",""Soil management"",""Land management"",""Crop rotation"",""Climate"",""Biodiversity"",""Crop production""]"	False	0.0	False	False	False	1	3	1	ok	True	1	de	False	34	4	True	0	0	True	114	15	False	61933	7912	False	3	False	True	True	0	0	0	0	0	0	3
68414591e3352e0916cd5a70	Feigen Sorten im Versuch	en	en	de	12	12	7	18	0	49	8	0	1	4	5	3	0	6	0	8	0.0	True	https://eu-cap-network.ec.europa.eu/projects/development-regional-fig-production-and-marketing-baden-wurttemberg-organic-and-integrated_en	False		Invalid DOI format; Subtitle missing; Language mismatch (declared=de, detected=en); CV inconsistencies: Unknown intended_purposes: communication, dissemination	Document	"[""Factsheet""]"	"[""Feigen"",""Sorten"",""Versuch""]"	"[""Crop farming""]"	"[""Organic agriculture""]"	False	0.0	False	False	False	1	2	1	ok	True	1	de	False	24	4	True	0	0	True	180	25	False	2173	260	True	3	False	True	True	0	0	0	0	0	0	2
6840128b6b2cf04eb47f6fd0	FitFarmers: Digital Innovation Academy for Sustainable Agriculture	en	en	de	12	11	7	18	0	48	8	0	1	4	5	2	0	6	0	8	0.0	True	https://eu-cap-network.ec.europa.eu/projects/digital-innovation-academy-agriculture_en	False		Invalid DOI format; Subtitle missing; Language mismatch (declared=de, detected=en); CV inconsistencies: Unknown intended_purposes: communication, dissemination	Document	"[""Factsheet""]"	"[""sustainable agriculture"",""digital learning"",""innovative farming""]"	"[""Forestry"",""Crop farming"",""Environment"",""Society""]"	"[""Digital technology""]"	False	0.0	False	False	False	1	2	1	ok	True	1	de	False	66	7	True	0	0	True	194	21	False	4103	479	True	3	False	True	True	0	0	0	0	0	0	2
683eaef86b2cf04eb47f4fc0	Physiologisches TierwohlMessund ManagementSystem für Milchrinder	en	en	de	12	12	7	18	0	49	8	0	1	4	5	3	0	6	0	8	0.0	True	https://eu-cap-network.ec.europa.eu/projects/physiological-system-measure-and-manage-animal-welfare-using-example-dairy-cattle_en	False		Invalid DOI format; Subtitle missing; Language mismatch (declared=de, detected=en); CV inconsistencies: Unknown intended_purposes: communication, dissemination	Document	"[""Factsheet""]"	"[""Tierwohl"",""Milchrinder"",""Physiologische Daten"",""ManagementSystem"",""Ampel""]"	"[""Livestock"",""Environment""]"	"[""Animal husbandry""]"	False	0.0	False	False	False	1	2	1	ok	True	1	de	False	64	5	True	0	0	True	130	18	False	4066	422	True	5	True	True	True	0	0	0	0	0	0	2
683eb0976b2cf04eb47f4ff0	Innovative Schlachtverfahren für Rinder	en	en	de	18	15	7	18	0	58	8	6	1	8	5	2	0	6	0	8	0.0	True	https://eu-cap-network.ec.europa.eu/projects/strengthening-artisanal-meat-processing-innovative-slaughter-techniques-and-procedures_en	False		Invalid DOI format; Subtitle missing; Language mismatch (declared=de, detected=en); CV inconsistencies: Unknown intended_purposes: communication, dissemination	Document	"[""Factsheet""]"	"[""Rinder"",""Schlachtverfahren"",""Regionalvermarktung""]"	"[""Livestock"",""Environment""]"	"[""Animal husbandry""]"	False	0.0	False	False	False	1	2	1	ok	True	1	de	False	39	4	True	0	0	True	164	24	False	8011	962	True	3	False	True	True	0	0	0	0	0	0	2
684139bbad0aaa69190be430	Legumes to build up humus	en	en	de	12	13	7	16	0	48	8	0	1	6	5	2	0	6	0	8	0.0	True	https://eu-cap-network.ec.europa.eu/projects/cultivation-legumes-humus-cultivation-dry-sandy-soils_en	False		Invalid DOI format; Subtitle missing; Language mismatch (declared=de, detected=en); CV inconsistencies: Unknown intended_purposes: communication, dissemination	Document	"[""Factsheet""]"	"[""Leguminosen"",""Humusaufbau"",""Fruchtfolge""]"	"[""Crop farming"",""Environment""]"	"[""Crop rotation""]"	False	0.0	False	False	False	1	2	1	ok	True	1	de	False	25	5	True	0	0	True	176	24	False	6246	672	True	3	False	True	True	0	0	0	0	0	0	2
68418a43e3352e0916cd624b	GIS ELA FMIS Übersicht	de	de	it	12	10	7	18	0	47	8	0	1	0	5	5	0	6	0	8	0.0	True	https://eu-cap-network.ec.europa.eu/projects/geographic-information-systems-site-specific-management-aimed-increasing-efficiency-and_en	False		Invalid DOI format; Low content depth (<250 tokens); Subtitle missing; CV inconsistencies: Unknown intended_purposes: support decisionmaking and strategic planning	Document	"[""Technical information/specifications card""]"	"[""Farmdok"",""AgrarCommander"",""MROM"",""Next Farming"",""GIS ELA"",""365 Farm net"",""Tecker"",""ProFlora"",""MyFarm24"",""Farmpilot""]"	"[""Economics""]"	"[""Digital technology"",""Productivity""]"	False	0.0	False	False	False	1	1	1	ok	True	1	de	True	22	4	True	0	0	True	86	9	False	18	3	False	10	True	True	True	0	0	0	0	0	0	1
67595b11bdc10d03abfbadfe	PIG HEALTH – LernNetzwerk zur Reduzierung des Antibiotikaeinsatzes in der Schweineproduktion	de	de	de	12	15	7	18	0	52	8	0	1	8	5	2	0	6	0	8	0.0	True	https://eu-cap-network.ec.europa.eu/projects/development-learning-network-enhance-awareness-and-willingness-improve-health-management_en	False		Invalid DOI format; Subtitle missing; CV inconsistencies: Unknown license: CC BYNCSA | Unknown intended_purposes: communication, dissemination	Document	"[""Brochure""]"	"[""Reducing the use of antibiotics"",""learning network"",""pig production"",""hygiene and health management""]"	"[""Livestock""]"	"[""Animal husbandry"",""Pest control""]"	False	0.0	False	False	False	1	2	1	ok	True	1	de	True	92	10	True	0	0	True	281	32	False	7693	857	True	4	True	True	False	0	0	0	0	0	0	2
683ecf87e3352e0916cd11df	Agroforst – von der Idee bis zur Umsetzung	en	en	de	14	10	8	20	8	52	8	0	3	0	5	5	0	6	0	8	0.0	True	https://eu-cap-network.ec.europa.eu/projects/knowledge-transfer-and-implementation-agroforesty-systems-austria_en	False		Invalid DOI format; Low content depth (<250 tokens); Subtitle missing; Language mismatch (declared=de, detected=en); CV inconsistencies: Unknown intended_purposes: communication	Video	"[""Educational/training video"",""Presentation/live talk capturing video""]"	"[""Agroforestry"",""Implementation"",""Idea""]"	"[""Forestry"",""Environment"",""Society""]"	"[""Agroecology"",""Agricultural productivity"",""Organic agriculture"",""Pest control"",""Diversification"",""Soil management"",""Land management"",""Crop rotation"",""Climate"",""Biodiversity"",""Crop production""]"	False	0.0	False	False	False	1	1	1	ok	True	2	de	False	42	7	True	0	0	True	79	11	False	39	6	False	3	False	True	True	0	0	0	0	0	0	1
6841847de3352e0916cd622d	GIS ELA App Installation and Usage	en	en	de	17	10	11	18	6	56	8	0	6	0	5	5	0	6	0	8	0.0	True	https://eu-cap-network.ec.europa.eu/projects/geographic-information-systems-site-specific-management-aimed-increasing-efficiency-and_en	False		Invalid DOI format; Low content depth (<250 tokens); Subtitle missing; Language mismatch (declared=de, detected=en); intended_purposes missing; CV inconsistencies: intended_purposes missing (cardinality)	Video	"[""Educational/training video""]"	"[""GIS"",""ELA"",""App"",""Installation"",""Usage""]"	"[""Environment"",""Crop farming"",""Economics""]"	"[""Digital technology"",""Productivity"",""Agricultural productivity"",""Land management""]"	False	0.0	False	False	False	1	0	1	ok	True	1	de	False	34	6	True	0	0	True	46	9	False	39	6	False	5	True	True	True	0	0	0	0	0	0	0
684183d1e3352e0916cd622a	Teil 4 – Düngekarte mit GIS ELA Erweiterung erstellen	de	de	de	14	10	8	20	6	52	8	0	3	0	5	5	0	6	0	8	0.0	True	https://eu-cap-network.ec.europa.eu/projects/geographic-information-systems-site-specific-management-aimed-increasing-efficiency-and_en	False		Invalid DOI format; Low content depth (<250 tokens); Subtitle missing; intended_purposes missing; CV inconsistencies: intended_purposes missing (cardinality) | Unknown subcategories: tutorial/howto video	Video	"[""Tutorial/howto video""]"	"[""GIS"",""Düngekarten"",""Satelitendaten"",""Sentinell 2""]"	"[""Crop farming"",""Economics""]"	"[""Agricultural productivity"",""Land management"",""Digital technology"",""Productivity""]"	False	0.0	False	False	False	1	0	1	ok	True	1	de	True	53	7	True	0	0	True	78	12	False	48	6	False	4	True	True	True	0	0	1	0	0	0	0
684182abe3352e0916cd6222	Teil 3 – QGIS herunterladen und installieren, GIS ELA Erweiterung installieren	de	de	de	14	10	8	20	4	52	8	0	3	0	5	5	0	6	0	8	0.0	True	https://eu-cap-network.ec.europa.eu/projects/geographic-information-systems-site-specific-management-aimed-increasing-efficiency-and_en	False		Invalid DOI format; Low content depth (<250 tokens); Subtitle missing; intended_purposes missing; CV inconsistencies: intended_purposes missing (cardinality)	Video	"[""Educational/training video""]"	"[""QGIS"",""GIS"",""Installation""]"	"[""Economics"",""Crop farming""]"	"[""Productivity"",""Diversification"",""Digital technology"",""Land management"",""Agricultural productivity""]"	False	0.0	False	False	False	1	0	1	ok	True	1	de	True	78	9	True	0	0	True	61	11	False	74	9	False	3	False	True	True	0	0	0	0	0	0	0
685543c50eb936885f954882	Precyzyjna detekcja wymienia i nóg krowy: wykorzystanie danych z platformy Roboflow w treningu modelu YOLOv8	pl	pl	pl	9	12	1	18	0	40	8	0	1	4	5	3	0	0	6	8	0.0	False		False		Invalid DOI format; Subtitle missing; Language mismatch (declared=polish, detected=pl); CV inconsistencies: Unknown intended_purposes: dissemination, modelling, support decisionmaking and strategic planning	Document	"[""Factsheet""]"	"[""monitorowanie zwierząt"",""platforma Roboflow"",""dobrostan zwierząt"",""hodowla bydła"",""model detekcji YOLOv8""]"	"[""Livestock""]"	"[""Animal husbandry"",""Digital technology""]"	False	0.0	False	False	False	1	4	1	ok	True	1	polish	False	108	12	True	0	0	True	135	13	False	2486	313	True	5	True	True	True	0	0	0	0	0	0	3
6878c8d46f7e62fc8a0bb9a4	Opracowanie szybkiego testu na aktywność peroksydazy i zoptymalizowanej dzięki temu technologii blanszowania.	pl	pl	pl	12	16	7	17	0	52	8	0	1	10	5	1	0	6	0	8	0.0	True	http://www.premiumgroszek.pl/	False		Invalid DOI format; Subtitle missing; Language mismatch (declared=polish, detected=pl); CV inconsistencies: Unknown intended_purposes: dissemination, support decisionmaking and strategic planning	Document	"[""Report/paper""]"	"[""groch siewny"",""peroksydaza"",""blanszowanie"",""test szybki""]"	"[""Crop farming"",""Environment""]"	"[""Crop production""]"	False	0.0	False	False	False	1	3	1	ok	True	1	polish	False	109	11	True	0	0	True	185	19	False	18450	2148	True	4	True	True	True	0	0	0	0	0	0	2
687609d3e4df4f63e71d86e5	Zarządzanie i innowacje w produkcji oraz przechowalnictwie żywności	pl	pl	it	9	10	7	16	2	42	8	0	1	0	5	5	0	6	0	8	0.0	False		False		Low content depth (<250 tokens); Subtitle missing; Language mismatch (declared=polish, detected=pl); CV inconsistencies: Unknown intended_purposes: dissemination, evaluation, support decisionmaking and strategic planning	Document	"[""Report/paper""]"	"[""ultradźwięki"",""przechowywanie chłodnicze"",""mięso wieprzowe"",""utrwalanie mięsa wieprzowego""]"	"[""Environment"",""Economics""]"	"[""Food quality""]"	False	0.0	False	False	False	1	4	1	ok	True	1	polish	False	67	6	True	0	0	True	86	8	False	18	3	False	4	True	True	True	0	0	0	0	0	0	3
683d9d5f98f3b7689f8c2a0f	Przykrywanie miejsc przechowywania gnojowicy	pl	pl	pl	12	14	7	18	0	51	8	0	1	6	5	3	0	6	0	8	0.0	True	http://www.kalkulatorCO2.pl	False		Subtitle missing; Language mismatch (declared=polish, detected=pl); CV inconsistencies: Unknown intended_purposes: dissemination, support decisionmaking and strategic planning	Document	"[""Factsheet""]"	"[""redukcja emisji"",""przechowywanie gnojownicy"",""nawozy naturalne"",""redukcja GHG""]"	"[""Livestock"",""Environment""]"	"[""Agroecology"",""Animal husbandry"",""Climate"",""Residues""]"	False	0.0	False	False	False	2	3	1	ok	True	1	polish	False	44	4	True	0	0	True	110	11	False	5047	645	True	4	True	True	True	0	0	0	0	0	0	2
6852a9ec0eb936885f94d496	Report on the implementation of the Operational Group Project	en	en	pl	12	14	5	18	0	49	8	3	1	10	4	0	0	4	2	8	0.0	False		False		Invalid DOI format; Subtitle missing; Language mismatch (declared=polish, detected=en); CV inconsistencies: Unknown intended_purposes: communication, dissemination	Document	"[""Report/paper""]"	"[""TherMobEye"",""termovizja"",""badania zwierząt"",""detekcja temperatury"",""segmentacja obrazu"",""algorytmy uczące""]"	"[""Livestock"",""Environment""]"	"[""Animal husbandry""]"	False	0.0	False	False	False	1	2	1	ok	True	1	polish	False	61	9	True	0	0	True	218	30	False	127893	13949	False	6	True	True	True	0	0	0	0	0	0	2
684beae3324203c32ebec341	Sprawozdanie z badań dotyczących poprawy efektywności odchowu cieląt pochodzących z zakupu ze stad mlecznych	pl	pl	pl	12	14	7	18	0	51	8	0	1	8	5	1	0	6	0	8	0.0	True	https://grupawolowina.pl	False		Invalid DOI format; Subtitle missing; Language mismatch (declared=polish, detected=pl); CV inconsistencies: Unknown intended_purposes: dissemination, support decisionmaking and strategic planning	Document	"[""Report/paper""]"	"[""cielęta"",""badania"",""gospodarstwa"",""efektywność"",""produkcja żywca wołowego"",""chów cieląt""]"	"[""Livestock""]"	"[""Animal husbandry""]"	False	0.0	False	False	False	1	2	1	ok	True	1	polish	False	108	12	True	0	0	True	112	16	False	8611	966	True	6	True	True	True	0	0	0	0	0	0	2
685534c80eb936885f9547b6	Opracowanie systemu rozpoznawania zwierząt z wykorzystaniem uczenia maszynowego	pl	pl	pl	9	10	1	18	0	38	8	0	1	2	5	3	0	0	6	8	0.0	False		False		Invalid DOI format; Low content depth (<250 tokens); Subtitle missing; Language mismatch (declared=polish, detected=pl); CV inconsistencies: Unknown intended_purposes: dissemination, evaluation, modelling, support decisionmaking and strategic planning	Document	"[""Factsheet""]"	"[""machine learning"",""animal recognition"",""model YOLOv8"",""lokalizowanie zwierząt"",""dobrostan zwierząt""]"	"[""Livestock""]"	"[""Animal husbandry"",""Digital technology""]"	False	0.0	False	False	False	1	6	1	ok	True	1	polish	False	79	7	True	0	0	True	83	13	False	1309	164	True	5	True	True	True	0	0	0	0	0	0	4
68383aa8ca69681aaab93815	Zwiększenie uwilgotnienia i podniesienie zwierciadła wód	pl	pl	pl	12	13	7	18	0	50	8	0	1	6	5	2	0	6	0	8	0.0	True	http://www.kalkulatorCO2.pl	False		Subtitle missing; Language mismatch (declared=polish, detected=pl); CV inconsistencies: Unknown intended_purposes: dissemination, support decisionmaking and strategic planning	Document	"[""Factsheet""]"	"[""bioróżnorodność"",""retencja wód"",""ekstensywne TUZ"",""tereny podmokłe"",""tereny zalewowe"",""zwierciadła wód""]"	"[""Crop farming"",""Environment"",""Livestock""]"	"[""Agroecology"",""Biodiversity"",""Climate"",""Land management"",""Organic agriculture""]"	False	0.0	False	False	False	2	3	1	ok	True	1	polish	False	56	5	True	0	0	True	241	30	False	4759	591	True	6	True	True	True	0	0	0	0	0	0	2
68382443bd07aa86854e43a2	Optymalizacja odczynu gleby – wapnowanie	pl	pl	pl	12	15	7	18	0	52	8	0	1	8	5	2	0	6	0	8	0.0	True	http://www.kalkulatorCO2.pl	False		Subtitle missing; Language mismatch (declared=polish, detected=pl); CV inconsistencies: Unknown intended_purposes: dissemination, support decisionmaking and strategic planning	Document	"[""Factsheet""]"	"[""odczyn gleby"",""wapnowanie"",""emisja N20""]"	"[""Crop farming"",""Livestock"",""Environment""]"	"[""Agroecology"",""Climate"",""Fertilization"",""Soil management""]"	False	0.0	False	False	False	2	3	1	ok	True	1	polish	False	40	4	True	0	0	True	281	34	False	6884	895	True	3	False	True	True	0	0	0	0	0	0	2
6842e2e2ad0aaa69190c0c65	Model przyrostu masy roślinnej	en	en	pl	12	10	7	18	0	47	8	0	1	2	5	3	0	6	0	8	0.0	True	http://www.lodron.lodr.konskowola.pl	False		Invalid DOI format; Low content depth (<250 tokens); Subtitle missing; Language mismatch (declared=polish, detected=en); CV inconsistencies: Unknown intended_purposes: dissemination, modelling, support decisionmaking and strategic planning	Document	"[""Factsheet""]"	"[""Cattle"",""Productivity"",""Ruń pastwiskowa"",""pastwisko""]"	"[""Livestock"",""Environment"",""Crop farming""]"	"[""Biodiversity"",""Agroecology"",""Animal husbandry"",""Biomass production""]"	False	0.0	False	False	False	1	4	1	ok	True	1	polish	False	30	4	True	0	0	True	202	31	False	1457	148	True	4	True	True	True	0	0	0	0	0	0	3
684173306b2cf04eb47f9a6c	Kalkulator GHG	pl	pl	pl	9	9	4	18	0	40	5	0	1	0	5	4	0	3	3	8	0.0	True	http://www.kalkulatorCO2.pl	False		Low content depth (<250 tokens); Subtitle missing; Language mismatch (declared=polish, detected=pl); CV inconsistencies: Unknown intended_purposes: support decisionmaking and strategic planning	Document	"[""Review document""]"	"[""GHG emissions"",""carbon footprint""]"	"[""Livestock"",""Environment""]"	"[""Agroecology"",""Residues"",""Climate"",""Soil management"",""Energy management"",""Fertilization"",""Digital technology""]"	False	0.0	False	False	False	1	1	1	ok	True	1	polish	False	14	2	False	0	0	True	268	32	False	85	7	False	2	False	True	True	0	0	0	0	0	0	1
6836e15bbd07aa86854e3331	Guia de Boas Práticas para a Gestão de Infestantes em Culturas Hortoindustriais	en	en	pt	12	13	5	18	0	48	8	0	1	10	3	0	0	4	2	8	0.0	True	https://eu-cap-network.ec.europa.eu/projects/hortinf_en	False		Invalid DOI format; Subtitle missing; Language mismatch (declared=pt, detected=en); CV inconsistencies: Unknown intended_purposes: communication, dissemination, experimentation	Document	"[""Guide""]"	"[""horticulture"",""infestation management"",""herbicides"",""sustainable farming""]"	"[""Crop farming"",""Environment""]"	"[""Crop rotation"",""Organic agriculture"",""Agroecology""]"	False	0.0	False	False	False	1	3	1	ok	True	1	pt	False	79	11	True	0	0	True	132	18	False	139747	18524	False	4	True	True	True	0	0	0	0	0	0	3
686e553b497da684268d9f38	Preservar a qualidade na Carne Arouquesa	pt	pt	pt	12	12	7	18	0	49	8	0	1	4	5	3	0	6	0	8	0.0	True	https://eu-cap-network.ec.europa.eu/projects/preserving-quality-arouquesa-meat_en	False		Invalid DOI format; Subtitle missing; intended_purposes missing; CV inconsistencies: intended_purposes missing (cardinality)	Document	"[""Flyer""]"	"[""Carne Arouquesa"",""Produção Animal"",""Suplemento Alimentar"",""Tecnologias de Imagem""]"	"[""Livestock""]"	"[""Animal husbandry""]"	False	0.0	False	False	False	1	0	1	ok	True	1	pt	True	40	5	True	0	0	True	170	22	False	2708	332	True	4	True	True	True	0	0	0	0	0	0	0
686e1fd5497da684268d9dda	MaisSolo	en	en	pt	12	15	7	16	0	50	5	3	1	8	5	2	0	6	0	8	0.0	True	https://eu-cap-network.ec.europa.eu/projects/maissolo-moresoil_en	False		Invalid DOI format; Subtitle missing; Language mismatch (declared=pt, detected=en); CV inconsistencies: Unknown intended_purposes: communication, dissemination	Document	"[""Technical information/specifications card""]"	"[""cover crops"",""economics"",""agrosystem services""]"	"[""Economics"",""Crop farming""]"	"[""Crop rotation""]"	False	0.0	False	False	False	1	2	1	ok	True	1	pt	False	8	1	False	0	0	True	167	25	False	6327	978	True	3	False	True	True	0	0	0	0	0	0	2
6846c39f324203c32ebe74d1	Análise Foliar	en	en	pt	9	10	7	16	0	42	5	0	1	2	5	3	0	6	0	8	0.0	True	https://eu-cap-network.ec.europa.eu/projects/gofigoproducao_en	False		Invalid DOI format; Low content depth (<250 tokens); Subtitle missing; Language mismatch (declared=pt, detected=en); CV inconsistencies: Unknown intended_purposes: communication, dissemination	Document	"[""Flyer""]"	"[""foliar analysis"",""nutritional status"",""tree health""]"	"[""Forestry"",""Society""]"	"[""Organic agriculture""]"	False	0.0	False	False	False	1	2	1	ok	True	1	pt	False	14	2	False	0	0	True	71	11	False	1194	161	True	3	False	True	True	0	0	0	0	0	0	2
6836dc65bd07aa86854e32e7	TECHNICAL DOCUMENTATION TO SUPPORT DISSEMINATION ACTIONS	en	en	pt	22	16	5	18	0	61	8	10	1	10	5	1	0	4	2	8	0.0	True	https://eu-cap-network.ec.europa.eu/projects/agir-evaluation-efficiency-water-and-energy-hydro-agricultural-schemes_en	False		Invalid DOI format; Subtitle missing; Language mismatch (declared=pt, detected=en); CV inconsistencies: Unknown intended_purposes: communication, dissemination	Document	"[""Review document""]"	"[""Agricultural investments"",""Calculation methodologies"",""Irrigation Systems (Hydroagricultural Developments)"",""Irrigation Systems"",""Water use""]"	"[""Environment""]"	"[""Genetic resources"",""Energy management""]"	False	0.0	False	False	False	1	2	1	ok	True	1	pt	False	56	6	True	0	0	True	386	58	True	38369	1692	True	5	True	True	True	0	0	0	0	0	0	2
687050d78811632f7cf20710	Location selection&nbsp;&nbsp;&nbsp;&nbsp;&nbsp;&nbsp;&nbsp;&nbsp;&nbsp;&nbsp;&nbsp;&nbsp;&nbsp;&nbsp;&nbsp;&nbsp;&nbsp;&nbsp;&nbsp;&nbsp;&nbsp;&nbsp;&nbsp;…	sl	sl	sl	16	12	1	18	0	47	5	7	1	4	5	3	0	0	6	8	0.0	True	https://eu-cap-network.ec.europa.eu/projects/bonita-new-resistant-club-apple-variety-slovenia-production-marketing_en	False		Invalid DOI format; Subtitle missing; Language mismatch (declared=slovene, detected=sl); CV inconsistencies: Unknown intended_purposes: communication, evaluation, experimentation, modelling, support decisionmaking and strategic planning	Document	"[""Practice abstract""]"	"[""Sajenje po plastnicah"",""Priprava zemljišča"",""Korekcija pH"",""Organske snovi"",""Setev trave"",""Sajenje sadik"",""Gojitvena rez"",""Folirano gnojenje"",""Trajnostno varstvo""]"	"[""Economics""]"	"[""Agricultural productivity"",""Productivity"",""Diversification"",""Agroecology"",""Social innovation""]"	False	0.0	False	False	False	1	5	1	ok	True	1	slovene	False	157	2	False	0	0	True	685	96	True	2113	274	True	9	True	True	True	0	0	0	0	0	0	5
687051a3497da684268db0a6	Pridelava klubske sorte jablan 'Bonita' v Sloveniji: tehnološki ukrepi in trženje	sl	sl	sl	19	10	1	18	2	48	8	7	1	2	5	3	0	0	6	8	0.0	True	https://eu-cap-network.ec.europa.eu/projects/bonita-new-resistant-club-apple-variety-slovenia-production-marketing_en	False		Invalid DOI format; Low content depth (<250 tokens); Subtitle missing; Language mismatch (declared=slovene, detected=sl); CV inconsistencies: Unknown intended_purposes: communication, evaluation, experimentation, modelling, support decisionmaking and strategic planning	Document	"[""Practice abstract""]"	"[""Jablane sorte 'Bonita'"",""Pridelava jabolk"",""Tehnološki ukrepi"",""Statistične regije"",""Sadjarstvo"",""EIP projekt"",""Trženje jabolk"",""Razvoj sadjarstva""]"	"[""Economics""]"	"[""Agricultural productivity"",""Productivity"",""Diversification"",""Agroecology"",""Social innovation""]"	False	0.0	False	False	False	1	5	1	ok	True	1	slovene	False	81	10	True	0	0	True	829	108	True	1698	221	True	8	True	True	True	0	0	0	0	0	0	5
68705542daff72a695637920	Odstavitev jagnjet križancev JSRxT: vpliv starosti na prirast in klavne lastnosti	sl	sl	sl	19	12	1	18	2	50	8	7	1	4	5	3	0	0	6	8	0.0	True	https://eu-cap-network.ec.europa.eu/projects/sheep-and-goats-rearing-technology-meat-and-meat-products-high-quality_en	False		Invalid DOI format; Subtitle missing; Language mismatch (declared=slovene, detected=sl); CV inconsistencies: Unknown intended_purposes: evaluation, experimentation, modelling	Document	"[""Practice abstract""]"	"[""Jagnjeta JSRxT"",""Odstavitev jagnjet"",""Klavne lastnosti"",""Intenzivna rast"",""Dopolnilna krmna mešanica"",""Klavnost jagnjet"",""Zgodnja odstavitev"",""Dokrmljevanje jagnjet"",""Gospodarnost reje""]"	"[""Livestock""]"	"[""Food quality"",""Animal husbandry"",""Farm equipment"",""Diversification"",""Biomass production""]"	False	0.0	False	False	False	1	4	1	ok	True	1	slovene	False	81	11	True	0	0	True	789	114	True	2485	351	True	9	True	True	True	0	0	0	0	0	0	3
687058a6daff72a6956379c5	"Načrtovanje in upravljanje zasebnih gozdov s spletno rešitvijo ""eGozd"	sl	sl	sl	19	12	1	18	2	50	8	7	1	4	5	3	0	0	6	8	0.0	True	https://eu-cap-network.ec.europa.eu/projects/electronic-management-agricultural-holdings-emphasis-forestry-activity_en	False		Invalid DOI format; Subtitle missing; Language mismatch (declared=slovene, detected=sl); CV inconsistencies: Unknown intended_purposes: evaluation, modelling, support decisionmaking and strategic planning	Document	"[""Practice abstract""]"	"[""Gozdno gospodarstvo"",""Spletna rešitev"",""Načrtovanje gozdne posesti"",""Interoperabilnost podatkov"",""Ekonomska vrednotenje"",""Habitatni tipi"",""Digitalizacija poslovnih procesov"",""Lesna soritmenta"",""Trajnostni razvoj"",""Lastniški gozdovi""]"	"[""Forestry""]"	"[""Land management"",""Biodiversity"",""Training"",""Soil management"",""Energy management""]"	False	0.0	False	False	False	1	4	1	ok	True	1	slovene	False	69	8	True	0	0	True	1266	148	True	2456	299	True	10	True	True	True	0	0	0	0	0	0	3
687053a98811632f7cf207b7	Vključevanje zrnatih stročnic v prehrano: Promocija in optimizacija prehranske vrednosti	sl	sl	sl	19	12	5	18	2	54	8	7	1	4	5	3	0	4	2	8	0.0	True	https://eu-cap-network.ec.europa.eu/projects/grain-legumes-production-processing-and-use-introduction-new-practices-involved-all-levels_en	False		Invalid DOI format; Subtitle missing; Language mismatch (declared=slovene, detected=sl); CV inconsistencies: Unknown intended_purposes: experimentation, modelling	Document	"[""Practice abstract""]"	"[""Zrnate stročnice"",""Prehrana"",""Promocija"",""Fermentacija"",""Kalčki"",""Mikrozelenjava"",""Biogeni amini"",""Poliamini"",""Natto"",""Tempeh""]"	"[""Crop farming""]"	"[""Farm equipment"",""Crop production"",""Organic agriculture"",""Fertilization"",""Biomass production""]"	False	0.0	False	False	False	1	3	1	ok	True	1	slovene	False	88	9	True	0	0	True	1018	125	True	2469	297	True	10	True	True	True	0	0	0	0	0	0	2
6847cef3f381c3f57370bce9	Developing a Vegetative Propagation Process for Promising LeucePoplar Clones in Disadvantaged Sites	en	en	hu	12	10	1	18	4	41	8	3	1	2	5	3	0	0	6	8	0.0	False		False		Invalid DOI format; Low content depth (<250 tokens); Subtitle missing; Language mismatch (declared=hungarian, detected=en); CV inconsistencies: Unknown intended_purposes: communication, dissemination	Document	"[""Practice abstract""]"	"[""Leucepoplar"",""Vegetative propagation"",""Disadvantaged sites"",""Clone improvement""]"	"[""Forestry"",""Environment""]"	"[""Crop rotation""]"	False	0.0	False	False	False	1	2	1	ok	True	1	hungarian	False	99	11	True	0	0	True	129	16	False	1686	180	True	4	True	True	True	0	0	0	0	0	0	2
68418b466b2cf04eb47f9c94	ÖZÖNNÖVÉNYEK VISSZASZORÍTÁSA LEGELTETÉSSEL	hu	hu	hu	13	16	7	18	0	54	5	7	1	10	5	1	0	6	0	8	0.0	False		False		Invalid DOI format; Subtitle missing; Language mismatch (declared=hungarian, detected=hu); CV inconsistencies: Unknown intended_purposes: communication, dissemination	Document	"[""Booklet"",""Report/paper""]"	"[""animal husbandry"",""animal welfare"",""pest/disease control in plants"",""pest/disease control in animals"",""climate change"",""biodiversity and nature""]"	"[""Livestock"",""Crop farming""]"	"[""Animal husbandry"",""Biodiversity"",""Pest control""]"	False	0.0	False	False	False	1	2	1	ok	True	2	hungarian	False	42	3	False	0	0	True	519	55	True	34509	3987	True	6	True	True	True	0	0	0	0	0	0	2
66cdd28945168fd6c4c8182a	A tej értéknövelése: az A2A2 bétakazein genotípus Idézet	hu	hu	hu	21	13	7	18	0	59	8	7	1	6	5	2	0	6	0	8	0.0	True	https://resilience4dairy.eu	True		Subtitle missing; Language mismatch (declared=hungarian, detected=hu); CV inconsistencies: Unknown license: CC BYSA | Unknown intended_purposes: communication, dissemination	Document	"[""Factsheet""]"	"[""A2A2 bétakazein""]"	"[""Livestock""]"	"[""Diversification"",""Food quality""]"	False	0.0	False	False	False	1	2	1	ok	True	1	hungarian	False	56	7	True	0	0	True	415	54	True	4077	584	True	1	False	True	False	0	0	0	0	0	0	2
674877fce4a7b8258bc6f301	Sweet potato production	en	en	it	11	10	7	20	0	48	5	2	1	0	5	5	0	6	0	8	0.0	True	https://eu-cap-network.ec.europa.eu/projects/development-site-and-cultivar-specific-cultivation-technologies-well-production-pathogen_en	False		Invalid DOI format; Low content depth (<250 tokens); Subtitle missing; Language mismatch (declared=hungarian, detected=en); CV inconsistencies: Unknown intended_purposes: experimentation	Document	"[""Report/paper""]"	"[""Arable crop production"",""Pest and disease control in crop production"",""Nutrient supply""]"	"[""Crop farming""]"	"[""Crop production""]"	False	0.0	False	False	False	1	1	1	ok	True	1	hungarian	False	23	3	False	0	0	True	222	27	False	18	3	False	3	False	True	True	0	0	0	0	0	0	1
671fa176bbe71983a021d2f0	Tervezesi utmutato farmbemutatokhoz	hu	hu	hu	8	15	4	18	2	45	5	0	1	10	5	0	0	3	3	8	0.0	False		True		Subtitle missing; Language mismatch (declared=hungarian, detected=hu); CV inconsistencies: Unknown intended_purposes: communication, dissemination	Document	"[""Guide""]"	"[""bemutató tevékenység"",""mezőgazdasági vállalkozások"",""tudásmegosztás"",""szervezet"",""gospodarstwa doświadczalne""]"	"[""Society""]"	"[""Training""]"	False	0.0	False	False	False	1	2	1	ok	True	1	hungarian	False	35	3	False	0	0	True	280	33	False	54770	5969	False	5	True	True	True	0	0	0	0	0	0	2
6716ba37aac3c7a5580d8629	Identifying Solutions Innovative and Good Practices	en	en	ro	14	12	7	18	0	51	8	0	1	4	5	3	0	6	0	8	0.0	True	https://cordis.europa.eu/project/id/727895	True		Subtitle missing; Language mismatch (declared=romanian, detected=en); CV inconsistencies: Unknown intended_purposes: dissemination	Document	"[""Factsheet""]"	"[""colostrum"",""administration"",""abandoned lambs""]"	"[""Livestock""]"	"[""Animal husbandry""]"	False	0.0	False	False	False	1	1	1	ok	True	1	romanian	False	51	6	True	0	0	True	59	8	False	2279	332	True	3	False	True	True	0	0	0	0	0	0	1
670635b552b4114f8290142a	OG_Traditional Romanian apple in organic farming	en	en	ro	16	11	7	16	0	50	8	7	1	4	5	2	0	6	0	8	0.0	False		False		Invalid DOI format; Subtitle missing; Language mismatch (declared=romanian, detected=en); CV inconsistencies: Unknown intended_purposes: communication	Document	"[""Brochure""]"	"[""Operational Group; Innovation; Traditional Apple varieties; Database; Transponders; Phenotypic data""]"	"[""Crop farming""]"	"[""Diversification"",""Productivity""]"	False	0.0	False	False	False	1	1	1	ok	True	1	romanian	False	48	6	True	0	0	True	460	66	True	3572	467	True	1	False	True	True	0	0	0	0	0	0	1
687a34c37515ec9f32050e30	Principalele rezultate practice estimate ale proiectului sunt:&nbsp; - realizarea unui produs inovativ, inexistent pe piață, necesar atât fermierilor membrii…	ro	ro	ro	19	12	1	15	2	47	8	7	1	4	5	3	0	0	6	8	0.0	True	https://eu-cap-network.ec.europa.eu/projects/innovative-product-increasing-tolerance-effects-uv-b-radiation-vegetables_en	False		Invalid DOI format; Subtitle missing; Language mismatch (declared=romanian, detected=ro); CV inconsistencies: Unknown intended_purposes: communication, dissemination, evaluation, support decisionmaking and strategic planning	Document	"[""Practice abstract""]"	"[""produs inovativ"",""culturi ecologice"",""radiație UVB"",""knowhow"",""cooperare în sectorul agricol"",""calitatea legumelor"",""afaceri fermieri"",""eficiență economică"",""locuri de muncă"",""inovare în sectorul creșterii legumelor""]"	"[""Crop farming"",""Society"",""Environment""]"	"[""Organic agriculture"",""Social innovation"",""Diversification"",""Food quality"",""Pest control""]"	False	0.0	False	False	False	1	4	1	ok	True	1	romanian	False	158	18	True	0	0	True	993	127	True	2246	278	True	10	True	True	True	0	0	0	0	0	0	4
66224e9d0beeac6e7e38844a	Parteneriate reușite: Ghid	ro	ro	ro	18	16	2	17	0	53	5	7	1	10	5	1	0	1	5	8	0.0	True	https://www.liaison2020.eu	True		Subtitle missing; Language mismatch (declared=romanian, detected=ro); CV inconsistencies: Unknown intended_purposes: communication, support decisionmaking and strategic planning	Document	"[""Guide""]"	"[""guide"",""collaboration""]"	"[""Society"",""Crop farming"",""Environment"",""Economics""]"	"[""Training"",""Social innovation""]"	False	0.0	False	False	False	1	2	1	ok	True	1	romanian	False	26	3	False	0	0	True	650	92	True	23374	3295	True	2	False	True	True	0	0	0	0	0	0	2
6716b987aac3c7a5580d85cc	Identifying Solutions Innovative and Good Practices	en	en	ro	14	12	7	18	0	51	8	0	1	4	5	3	0	6	0	8	0.0	True	https://cordis.europa.eu/project/id/727895	True		Subtitle missing; Language mismatch (declared=romanian, detected=en); CV inconsistencies: Unknown intended_purposes: dissemination	Document	"[""Factsheet""]"	"[""weight of lambs"",""calving"",""survival rate""]"	"[""Livestock""]"	"[""Animal husbandry""]"	False	0.0	False	False	False	1	1	1	ok	True	1	romanian	False	51	6	True	0	0	True	80	14	False	2136	306	True	3	False	True	True	0	0	0	0	0	0	1
6707e0ea52b4114f82905594	OG_Best practice guide for honey processors	en	en	vi	21	10	7	20	0	58	8	10	1	0	5	5	0	6	0	8	0.0	False		True		Low content depth (<250 tokens); Subtitle missing; Language mismatch (declared=romanian, detected=en); CV inconsistencies: Unknown intended_purposes: communication	Document	"[""Handbook""]"	"[""Operational Group"",""Honey Development"",""Marketing""]"	"[""Economics""]"	"[""Organic agriculture"",""Land management"",""Residues"",""Biomass production""]"	False	0.0	False	False	False	1	1	1	ok	True	1	romanian	False	43	6	True	0	0	True	489	74	True	35	5	False	3	False	True	True	0	0	0	0	0	0	1
68429477ad0aaa69190c04d1	Final report of the 'COWOW Industrial Study on Artificial IntelligenceBased Systems' project	en	en	lv	12	16	7	18	2	53	8	0	1	10	5	1	0	6	0	8	0.0	True	https://eu-cap-network.ec.europa.eu/projects/industrial-research-cowow-system-based-artificial-intellect_en	False		Invalid DOI format; Subtitle missing; Language mismatch (declared=latvian, detected=en); CV inconsistencies: Unknown intended_purposes: communication, dissemination	Document	"[""Report/paper""]"	"[""mastīta"",""piena lopkopība"",""biosignāls"",""dataprēcēšana"",""sistēmas izstrāde""]"	"[""Livestock"",""Environment""]"	"[""Organic agriculture""]"	False	0.0	False	False	False	1	2	1	ok	True	1	latvian	False	92	12	True	0	0	True	104	13	False	75559	5163	False	5	True	True	True	0	0	0	0	0	0	2
68418c03ad0aaa69190bec81	ELFLA project: Innovative dehydration technologies for sapropel use, sapropelbased product application in agriculture and livestock farming	en	en	lv	12	13	7	17	4	49	8	0	1	10	3	0	0	6	0	8	0.0	True	https://eu-cap-network.ec.europa.eu/projects/study-application-innovative-dehydration-technology-sapropel-production-application_en	False		Invalid DOI format; Subtitle missing; Language mismatch (declared=latvian, detected=en); CV inconsistencies: Unknown intended_purposes: communication, dissemination	Document	"[""Report/paper""]"	"[""sapropel"",""dehydration"",""agriculture"",""livestock"",""innovation""]"	"[""Livestock"",""Crop farming"",""Environment""]"	"[""Animal husbandry""]"	False	0.0	False	False	False	1	2	1	ok	True	1	latvian	False	139	16	True	0	0	True	138	18	False	294468	37321	False	5	True	True	True	0	0	0	0	0	0	2
68418dc2ad0aaa69190bec91	Establishment of a robotic weed control facility	en	en	lv	12	12	7	18	0	49	8	0	1	10	2	0	0	6	0	8	0.0	True	https://eu-cap-network.ec.europa.eu/projects/development-robotic-weed-management-equipment_en	False		Invalid DOI format; Subtitle missing; Language mismatch (declared=latvian, detected=en); CV inconsistencies: Unknown intended_purposes: communication, dissemination	Document	"[""Report/paper""]"	"[""nezāļu ierobežošana"",""robotizēšana"",""lauku kultūras"",""bioloģiskā saimniecība"",""augstas tehnoloģijas""]"	"[""Crop farming"",""Environment""]"	"[""Crop rotation""]"	False	0.0	False	False	False	1	2	1	ok	True	1	latvian	False	48	6	True	0	0	True	128	16	False	131809	21290	False	5	True	True	True	0	0	0	0	0	0	2
6842951ead0aaa69190c04e8	Sustainable development of Latvian pig production on the basis of antibioticfree and organic farming	en	en	lv	18	16	7	18	2	59	8	6	1	10	5	1	0	6	0	8	0.0	True	https://eu-cap-network.ec.europa.eu/projects/sustainable-development-pig-breeding-based-organic-farming-and-free-antibiotics_en	False		Invalid DOI format; Subtitle missing; Language mismatch (declared=latvian, detected=en); CV inconsistencies: Unknown intended_purposes: communication, dissemination	Document	"[""Report/paper""]"	"[""cūkkopība"",""ilgtspējīga attīstība"",""bioloģiskas saimniekošanas pamatiem"",""antibiotiku brīvas""]"	"[""Livestock""]"	"[""Animal husbandry""]"	False	0.0	False	False	False	1	2	1	ok	True	1	latvian	False	100	14	True	0	0	True	210	30	False	25634	2699	True	4	True	True	True	0	0	0	0	0	0	2
6842970f6b2cf04eb47fb462	Research of Effective Heat Production and Supply Solutions in Covered Areas	en	en	en	20	10	5	20	6	55	8	3	6	0	5	5	0	0	6	8	0.0	True	https://eu-cap-network.ec.europa.eu/projects/research-effective-heat-production-and-supply-solutions-covered-areas_en	False		Invalid DOI format; Low content depth (<250 tokens); Subtitle missing; Language mismatch (declared=latvian, detected=en); CV inconsistencies: Unknown intended_purposes: communication, dissemination	Document	"[""Report/paper""]"	"[""heat production"",""covered areas"",""energy solutions""]"	"[""Crop farming"",""Environment""]"	"[""Animal husbandry""]"	False	0.0	False	False	False	1	2	1	ok	True	1	latvian	False	75	11	True	0	0	True	97	12	False	198	16	False	3	False	True	True	0	0	0	0	0	0	2
68418e47e3352e0916cd626b	Determination of optimum growing conditions for vegetables using hydroponic cultivation with artificial and natural light	en	en	lv	15	13	7	18	2	53	8	3	1	10	3	0	0	6	0	8	0.0	True	https://eu-cap-network.ec.europa.eu/projects/determining-optimal-growth-conditions-vegetables-using-hydroponics-cultivation-method_en	False		Invalid DOI format; Subtitle missing; Language mismatch (declared=latvian, detected=en); CV inconsistencies: Unknown intended_purposes: communication, dissemination	Document	"[""Report/paper""]"	"[""hydroponics"",""tomatoes"",""cucumbers"",""optimization"",""growing conditions""]"	"[""Crop farming""]"	"[""Crop rotation""]"	False	0.0	False	False	False	1	2	1	ok	True	1	latvian	False	121	15	True	0	0	True	147	20	False	217792	27414	False	5	True	True	True	0	0	0	0	0	0	2
6846b9d09667d5f2b0f54c90	Basis for calculating the carbon footprint of recycled fertilisers	en	en	fi	12	16	7	18	4	53	8	0	1	10	5	1	0	6	0	8	0.0	True	https://eu-cap-network.ec.europa.eu/projects/development-carbon-footprint-guidance-and-calculator-recycled-fertilizer-products_en	False		Invalid DOI format; Subtitle missing; Language mismatch (declared=finnish, detected=en); CV inconsistencies: Unknown intended_purposes: communication, dissemination	Document	"[""Guide""]"	"[""climate change"",""carbon footprint"",""sustainability"",""fertilizers"",""lifecycle assessment""]"	"[""Environment"",""Society""]"	"[""Organic agriculture""]"	False	0.0	False	False	False	1	2	1	ok	True	1	finnish	False	66	9	True	0	0	True	105	15	False	31722	2520	True	5	True	True	True	0	0	0	0	0	0	2
6846bda19667d5f2b0f54cc2	Equine intestinal health and welfare: can fresh muskmelon be used to maintain and improve the intestinal health of horses?	en	en	it	9	10	7	20	2	46	5	0	1	0	5	5	0	6	0	8	0.0	True	https://eu-cap-network.ec.europa.eu/projects/intestinal-health-and-welfare-horses-can-spent-grain-be-developed-feed-supplement_en	False		Invalid DOI format; Low content depth (<250 tokens); Subtitle missing; Language mismatch (declared=finnish, detected=en); CV inconsistencies: Unknown intended_purposes: communication, dissemination	Document	"[""Report/paper""]"	"[""brewer's spent grain"",""horse feed"",""prebiotic"",""feeding trials"",""drying methods""]"	"[""Livestock"",""Environment""]"	"[""Animal husbandry""]"	False	0.0	False	False	False	1	2	1	ok	True	1	finnish	False	122	19	False	0	0	True	137	20	False	18	3	False	5	True	True	True	0	0	0	0	0	0	2
6846a6a6324203c32ebe7151	Groundwater mapping at Söderfjärden	en	en	sv	12	13	7	18	0	50	8	3	1	10	3	0	0	6	0	8	0.0	False		False		Invalid DOI format; Subtitle missing; Language mismatch (declared=finnish, detected=en); CV inconsistencies: Unknown intended_purposes: communication, dissemination	Document	"[""Report/paper""]"	"[""grundvatten"",""kartläggning"",""Söderfjärden"",""mätstation""]"	"[""Forestry"",""Environment""]"	"[""Residues""]"	False	0.0	False	False	False	1	2	1	ok	True	1	finnish	False	35	4	True	0	0	True	160	25	False	80130	10653	False	4	True	True	True	0	0	0	0	0	0	2
6846bf84f381c3f57370b158	IR Sensor for Measuring Leaf Temperature	en	en	sv	12	12	7	18	0	49	8	0	1	4	5	3	0	6	0	8	0.0	True	https://eu-cap-network.ec.europa.eu/projects/digitomkku-big-data-test-beds-wireless-sensors-tomato-and-cucumber-production_en	False		Invalid DOI format; Subtitle missing; Language mismatch (declared=finnish, detected=en); CV inconsistencies: Unknown intended_purposes: communication, dissemination	Document	"[""Factsheet""]"	"[""Infrared Sensor"",""Leaf Temperature"",""VPD"",""Plant Stress"",""Greenhouse Monitoring""]"	"[""Crop farming"",""Environment""]"	"[""Crop production""]"	False	0.0	False	False	False	1	2	1	ok	True	1	finnish	False	40	6	True	0	0	True	155	24	False	2242	263	True	5	True	True	True	0	0	0	0	0	0	2
6846b7c69667d5f2b0f54c74	WHAT DATA Project	en	en	en	16	10	1	20	0	47	5	7	1	0	5	5	0	0	6	8	0.0	True	https://eu-cap-network.ec.europa.eu/projects/agricultural-business-development-intelligent-data-analytics_en	False		Invalid DOI format; Low content depth (<250 tokens); Subtitle missing; Language mismatch (declared=finnish, detected=en); CV inconsistencies: Unknown intended_purposes: communication, dissemination	Video	"[""Educational/training video""]"	"[""Agricultural business"",""Farming efficiency"",""Profitability"",""Data utilization""]"	"[""Society""]"	"[""Digital technology""]"	False	0.0	False	False	False	1	2	1	ok	True	1	finnish	False	17	3	False	0	0	True	560	84	True	158	9	False	4	True	True	True	0	0	0	0	0	0	2
6842acf7ad0aaa69190c0835	A ClosedLoop Bioactive Material Economy Model	en	en	lt	12	11	5	18	0	46	8	0	1	2	5	4	0	4	2	8	0.0	True	https://eu-cap-network.ec.europa.eu/projects/closed-loop-bioactive-material-economy-model_en	False		Invalid DOI format; Low content depth (<250 tokens); Subtitle missing; Language mismatch (declared=lithuanian, detected=en); CV inconsistencies: Unknown intended_purposes: communication, dissemination	Document	"[""Practice abstract""]"	"[""bioactive materials"",""closedloop economy"",""innovation"",""knowledge exchange"",""EIPAGRI""]"	"[""Environment"",""Economics""]"	"[""Residues""]"	False	0.0	False	False	False	1	2	1	ok	True	1	lithuanian	False	45	5	True	0	0	True	145	17	False	1074	121	True	5	True	True	True	0	0	0	0	0	0	2
66cdd3618bfbbeb036cb778e	Atskirų ūkio KPI / ekonominiai rodikliai, įskaitant sektorių rodiklius, skirtus lyginamajai analizei​	lt	lt	lt	21	10	7	18	0	56	8	7	1	2	5	3	0	6	0	8	0.0	True	https://resilience4dairy.eu	True		Low content depth (<250 tokens); Subtitle missing; Language mismatch (declared=lithuanian, detected=lt); CV inconsistencies: Unknown license: CC BYSA | Unknown intended_purposes: communication, dissemination	Document	"[""Factsheet""]"	"[""kpi"",""economics"",""dairy production""]"	"[""Livestock"",""Economics""]"	"[""Productivity""]"	False	0.0	False	False	False	1	2	1	ok	True	1	lithuanian	False	101	11	True	0	0	True	570	73	True	1969	222	True	3	False	True	False	0	0	0	0	0	0	2
6842a3b1ad0aaa69190c0708	Innovative Post Harvesting Technologies to Restore Soil Sustainability	en	en	en	17	12	2	19	2	50	8	3	3	4	5	3	0	0	6	8	0.0	True	https://eu-cap-network.ec.europa.eu/projects/innovative-post-harvesting-technologies-restore-soil-sustainability_en	False		Invalid DOI format; Subtitle missing; Language mismatch (declared=lithuanian, detected=en); CV inconsistencies: Unknown intended_purposes: communication, dissemination	Document	"[""Practice abstract""]"	"[""postharvest technologies"",""soil sustainability"",""mulching"",""nutrient turnover"",""carbon sequestration"",""N2O emissions"",""climate change"",""farmers' qualifications""]"	"[""Forestry"",""Crop farming"",""Environment""]"	"[""Crop rotation""]"	False	0.0	False	False	False	1	2	1	ok	True	1	lithuanian	False	70	8	True	0	0	True	150	18	False	2228	303	True	8	True	True	True	0	0	0	0	0	0	2
6842ac74e3352e0916cd7d25	Improvement and Dissemination of Innovative Technologies for Breeding and Maintenance of Larch, Spruce, Birch and Black Alder Plantation Forests	en	en	lt	9	10	1	16	6	36	5	0	1	2	5	3	0	0	6	8	0.0	True	https://eu-cap-network.ec.europa.eu/projects/improvement-and-dissemination-innovative-technologies-breeding-and-maintenance-larch_en	False		Invalid DOI format; Low content depth (<250 tokens); Subtitle missing; Language mismatch (declared=lithuanian, detected=en); CV inconsistencies: Unknown intended_purposes: communication, dissemination	Document	"[""Practice abstract""]"	"[""innovative technologies"",""plantation forests"",""breeding and maintenance"",""larch, spruce, birch, black alder""]"	"[""Forestry""]"	"[""Agricultural productivity""]"	False	0.0	False	False	False	1	2	1	ok	True	1	lithuanian	False	144	19	False	0	0	True	173	23	False	1630	192	True	4	True	True	True	0	0	0	0	0	0	2
684fda27f34e43f91739abbd	Increasing the Value of Meat Production: Remote Livestock Evaluation System	en	en	lt	15	12	1	18	0	46	8	3	1	4	5	3	0	0	6	8	0.0	True	https://eu-cap-network.ec.europa.eu/projects/increasing-value-meat-production_en	False		Invalid DOI format; Subtitle missing; Language mismatch (declared=lithuanian, detected=en); CV inconsistencies: Unknown intended_purposes: communication, dissemination	Document	"[""Practice abstract""]"	"[""Remote Livestock Evaluation"",""Quality Assurance"",""Slaughterhouses"",""Meat Production"",""Independent Appeal Process""]"	"[""Livestock"",""Economics""]"	"[""Animal husbandry""]"	False	0.0	False	False	False	1	2	1	ok	True	1	lithuanian	False	75	10	True	0	0	True	148	20	False	2104	250	True	5	True	True	True	0	0	0	0	0	0	2
6836c82bbd07aa86854e31aa	Rodinový způsob chovu prasat se zapouštěním kojících prasnic	en	en	cs	12	12	7	18	0	49	8	3	1	4	5	3	0	6	0	8	0.0	False		False		Invalid DOI format; Subtitle missing; Language mismatch (declared=czech, detected=en); CV inconsistencies: Unknown intended_purposes: dissemination	Document	"[""Flyer""]"	"[""prasata"",""chov"",""rodinka"",""kojící prasnice"",""selata""]"	"[""Livestock""]"	"[""Diversification""]"	False	0.0	False	False	False	1	1	1	ok	True	1	czech	False	60	8	True	0	0	True	173	23	False	3324	456	True	5	True	True	True	0	0	0	0	0	0	1
671f7cf8f631654f755108ae	Influence of the type of insemination of the queen bee on her egglaying activity	en	en	bg	25	15	7	18	2	65	8	13	1	10	5	0	0	6	0	8	0.0	True	https://eu-cap-network.ec.europa.eu/projects/development-and-implementation-practice-new-methods-reproductive-ability-honey-bee_en	False		Invalid DOI format; Subtitle missing; Language mismatch (declared=bulgarian, detected=en); intended_purposes missing; locations_flat missing or >5 items; CV inconsistencies: intended_purposes missing (cardinality)	Document	"[""Article in conference proceedings""]"	"[""Operational Group"",""EggLaying Activity Of Queen Bees"",""Quantity Of Sealed Brood"",""Honey Bee (Apis Mellifera Mellifera L.)"",""Artificial And Natural Inseminated Queen Bees""]"	"[""Crop farming"",""Environment"",""Economics""]"	"[""Training"",""Diversification"",""Crop production"",""Organic agriculture""]"	False	0.0	False	False	False	1	0	0	ok	True	1	bulgarian	False	80	14	True	0	0	True	450	69	True	22221	2970	True	5	True	True	True	0	0	0	0	0	0	0
6846ca3cf381c3f57370b1a0	Possibilities of using digestate from a biogas plant as fertilizer and soil improver	en	en	hr	12	13	7	13	4	45	8	0	1	10	3	0	0	6	0	8	0.0	True	https://eu-cap-network.ec.europa.eu/projects/possibilities-using-digestate-biogas-plant-fertilizer-and-soil-improver_en	False		Invalid DOI format; Subtitle missing; Language mismatch (declared=croatian, detected=en); intended_purposes missing; CV inconsistencies: intended_purposes missing (cardinality)	Document	"[""Report/paper""]"	"[""digestat"",""gnojiva"",""poboljšivači tla"",""bioplinsko postrojenje""]"	"[""Crop farming"",""Environment""]"	"[""Biomass production""]"	False	0.0	False	False	False	1	0	1	ok	True	1	croatian	False	84	12	True	0	0	True	105	16	False	196901	26699	False	4	True	True	True	0	0	0	0	0	0	0
671f9e00856efe8bda98f2d8	Handbok for utformning av gardsdemonstrationer	sv	sv	sv	11	13	4	18	0	46	8	0	1	10	3	0	0	3	3	8	0.0	False		True		Subtitle missing; Language mismatch (declared=swedish, detected=sv); CV inconsistencies: Unknown intended_purposes: communication, dissemination	Document	"[""Guide""]"	"[""demonstrationsaktivitet"",""jordbruksföretag"",""dela kunskap"",""organisation"",""försöksgårdar""]"	"[""Society""]"	"[""Training""]"	False	0.0	False	False	False	1	2	1	ok	True	1	swedish	False	46	5	True	0	0	True	215	27	False	56795	7933	False	5	True	True	True	0	0	0	0	0	0	2
683b03b730ea0addf0580d0e	Shanakyle Bog Restoration and Habitat Enhancement EIP Final Project	en	en	en	19	13	5	20	0	57	8	10	1	10	3	0	0	4	2	8	0.0	False		False		Subtitle missing; Language mismatch (declared=irish, detected=en); CV inconsistencies: Unknown intended_purposes: communication, dissemination	Document	"[""Report/paper""]"	"[""peatland restoration, biodiversity, rewetting, habitat enhancement, conservation""]"	"[""Environment""]"	"[""Biodiversity""]"	False	0.0	False	False	False	1	2	1	ok	True	1	irish	False	67	9	True	0	0	True	795	114	True	116481	17143	False	1	False	True	True	0	0	0	0	0	0	2
